,Channel,Region,Fresh,Milk,Grocery,Frozen,Detergents_Paper,Delicatessen,x_kpca_rbf,y_kpca_rbf,x_kpca_poly,y_kpca_poly,x_kpca_cos,y_kpca_cos,cluster_kpca_rbf
0,Retail,Other,12669,9656,7561,214,2674,1338,0.0528736785139059,-0.0957020283339393,0.0783737058955513,-0.1731146036428406,0.5047893015158403,0.0096223066473778,0
1,Retail,Other,7057,9810,9568,1762,3293,1776,0.1296461840164294,-0.1604581212978699,0.1858125464129079,-0.3074147140645972,0.8899412223120093,-0.2628329463279438,0
2,Retail,Other,6353,8808,7684,2405,3516,7844,0.2102053726966705,0.0484460464626562,0.3417015381326229,0.0750477517055767,0.4739940541267172,0.2356868332458659,0
3,HoReCa,Other,13265,1196,4221,6404,507,1788,-0.2162432260582773,0.1051649668310389,-0.2533035236583454,0.2503524263190761,-0.6186114271241641,0.3701305442802817,1
4,Retail,Other,22615,5410,7198,3915,1777,5185,-0.011687374284495,0.2654316269575649,0.1366167136889866,0.3752792354602771,0.0688995379431259,0.8618293827365119,1
5,Retail,Other,9413,8259,5126,666,1795,1451,-0.0364662973611465,-0.1328454886814096,-0.0889533043384345,-0.2122647116921358,0.1029562952794653,-0.3304564801092653,2
6,Retail,Other,12126,3199,6975,480,3140,545,-0.0697155932203247,-0.117326210828815,-0.1435304125938086,-0.1663058931990574,-0.092167962417776,-0.2898919276536128,2
7,Retail,Other,7579,4956,9426,1669,3321,2566,0.0437594438429185,-0.1466191388393939,0.0408969858378436,-0.2627155987279702,0.5540934639173397,-0.3475508620366147,0
8,HoReCa,Other,5963,3648,6192,425,1716,750,-0.0967501988690222,-0.2050602908981756,-0.2204840295429029,-0.3051577883697474,-0.1557890142344767,-0.6896927304727347,2
9,Retail,Other,6006,11093,18881,1159,7425,2098,0.4936685721899781,-0.155556008011118,0.7089688368462721,-0.2911925018216326,1.1648509491774433,0.0237467249064678,4
10,Retail,Other,3366,5403,12974,4400,5977,1744,0.210677809018827,-0.1696435955528316,0.3197406409241957,-0.3065245780476246,0.8649020932926696,-0.1928630625234259,0
11,Retail,Other,13146,1124,4523,1420,549,497,-0.2215069356965094,-0.0430198109610861,-0.3554518255692503,0.013874803248532,-0.6524416952788548,-0.1063867317186097,2
12,Retail,Other,31714,12319,11757,287,3881,2931,0.2047987318660783,0.2930467306242139,0.3854465445073938,0.335728836680736,0.5189256754099237,0.8891844129165526,3
13,Retail,Other,21217,6208,14982,3095,6707,602,0.2249237128229279,0.0841269971533132,0.3895006007283214,0.0593738132753484,0.7459587900333249,0.6652437528164215,0
14,Retail,Other,24653,9465,12091,294,5058,2168,0.1961539516183539,0.1302305498706685,0.3555111665729342,0.1442177849516534,0.6716997036238871,0.7605400813714226,0
15,HoReCa,Other,10253,1114,3821,397,964,412,-0.2060461349804701,-0.1161048658801887,-0.3543552000608613,-0.1102185939024887,-0.5245171920456189,-0.3477885584442488,2
16,Retail,Other,1020,8816,12121,134,4508,1080,0.2274828041034748,-0.2846927365653204,0.3226356449874309,-0.472218997711166,0.8519358136546632,-0.5460352667323772,0
17,HoReCa,Other,5876,6157,2933,839,370,4478,-0.0717642353763473,-0.0875503873566999,-0.0700024989623081,-0.0903504726431189,-0.0332202932966466,-0.1149311364462007,2
18,Retail,Other,18601,6327,10099,2205,2767,3181,0.039925904486973,0.0840268961984428,0.1165419191621631,0.1178531247600943,0.3876603752214007,0.8429922154646659,1
19,HoReCa,Other,7780,2495,9464,669,2518,501,-0.0448456718470473,-0.1851956296045371,-0.1202275540690467,-0.2835482007710933,0.044765436443674,-0.552769950392241,2
20,Retail,Other,17546,4519,4602,1066,2259,2124,-0.1109540461935767,0.033446974836404,-0.1469002107674542,0.0995711389693874,-0.3075208902858989,0.4431883052888919,1
21,HoReCa,Other,5567,871,2010,3383,375,569,-0.2435317728056087,-0.1131100670948573,-0.3995107138663481,-0.0926408201774208,-0.6188073618880083,-0.3876127760478735,2
22,HoReCa,Other,31276,1917,4469,9408,2381,4334,-0.0680514435314904,0.5381913850229701,0.2043599877320015,0.6356359259636721,-0.1560043348914214,1.005037085312467,3
23,Retail,Other,26373,36423,22019,5154,4337,16523,0.4514279462992258,0.4340437448097883,0.3902661572691502,0.2569496025734213,0.7065213342862834,0.6250312465235663,3
24,Retail,Other,22647,9776,13792,2915,4482,5778,0.2635648263851927,0.2284983286687018,0.4278165407333472,0.2247836866072279,0.6516647402081205,0.8093177360160555,3
25,Retail,Other,16165,4230,7595,201,4003,57,-0.0234008802908243,-0.0594955306577029,-0.0316351287340542,-0.0725509516099864,0.1145297412942821,0.0681269264664043,2
26,HoReCa,Other,9898,961,2861,3151,242,833,-0.249704766904573,-0.0486856167610058,-0.4001406036273938,0.0085354146973484,-0.7423357127810755,-0.1765751160825625,2
27,HoReCa,Other,14276,803,3045,485,100,518,-0.2491491000458861,-0.0275134990205901,-0.3700525126455127,0.0539179192140348,-0.6391505057184967,-0.0743834727470308,2
28,Retail,Other,4113,20484,25957,1158,8604,5206,0.7542725293909498,0.040203156009019,0.7016207368605811,0.0731014575080406,1.1249453280505726,0.2130374858337625,4
29,HoReCa,Other,43088,2100,2609,1200,1107,823,-0.126384794793767,0.5346064697582528,0.1826835473898078,0.681484044591124,-0.276492610224019,0.8502143237539167,3
30,HoReCa,Other,18815,3610,11107,1148,2134,2963,-0.0074070374136949,0.0672579870506515,0.0431192171267254,0.1174533592420153,0.1649308331734674,0.6234542505990078,1
31,HoReCa,Other,2612,4339,3133,2088,820,985,-0.1495495118412635,-0.1997347702174703,-0.2947866262456746,-0.2721066923785621,-0.320283227744894,-0.65436152009101,2
32,HoReCa,Other,21632,1318,2886,266,918,405,-0.2268519676811979,0.1012460246262356,-0.2515720524686857,0.2660610840718828,-0.5331976714561585,0.3096951135050877,1
33,HoReCa,Other,29729,4786,7326,6130,361,1083,-0.1282850581623544,0.3998990975053439,0.0418235028907644,0.626332710568475,-0.2657127763492748,1.016017675868507,3
34,HoReCa,Other,1502,1979,2262,425,483,395,-0.1891955365156336,-0.2338404951337585,-0.3395076127492348,-0.2859829888576616,-0.3553345601724847,-0.6617378578423454,2
35,Retail,Other,688,5491,11091,833,4239,436,0.1256768007670738,-0.2926489592380957,0.15318548998698,-0.4720462749746824,0.6000385488030902,-0.6994720898570786,0
36,HoReCa,Other,29955,4362,5428,1729,862,4626,-0.0749077844067776,0.3587250569986075,0.115790783349666,0.5158516314924024,-0.1089655907629361,0.8729278267080993,3
37,Retail,Other,15168,10556,12477,1920,6506,714,0.2779010566489662,-0.0451459562810255,0.4474462104001663,-0.1505560759794118,1.011085471493387,0.3545071689871444,0
38,Retail,Other,4591,15729,16709,33,6956,433,0.5088895400207489,-0.1799297296670468,0.6931422223897346,-0.2710746455693035,1.066999096572845,-0.086689726051108,4
39,HoReCa,Other,56159,555,902,10002,212,2916,0.0011534773885991,0.8220882021752697,0.3812905631536106,0.5589487619332957,-0.2658160897709324,1.052055768848105,3
40,HoReCa,Other,24025,4332,4757,9510,1145,5864,-0.0322399555483813,0.4461745338424915,0.2115296314258812,0.515850156728605,-0.0706633043811799,0.8768592401126596,3
41,HoReCa,Other,19176,3065,5956,2033,2575,2802,-0.0980204743505113,0.096327570383587,-0.0923003554552329,0.1966869002686493,-0.2267615344055902,0.6812704745370014,1
42,Retail,Other,10850,7555,14961,188,6899,46,0.2988971777641696,-0.1573763642604778,0.4630010122647914,-0.2927065312654562,0.9339095988837426,-0.0414959310347143,0
43,Retail,Other,630,11095,23998,787,9529,72,0.6333539368942155,-0.1807996435040965,0.7874656499758459,-0.2060123987575111,1.0782110305381698,-0.1264071613347102,4
44,Retail,Other,9670,7027,10471,541,4618,65,0.1182193918742671,-0.1763370985665657,0.1684614369656231,-0.316067426755096,0.6993504189316263,-0.3014026813903077,0
45,Retail,Other,5181,22044,21531,1740,7353,4985,0.6897964496445715,0.0359430263491799,0.6868279055313025,0.0530477972602484,1.083771145978029,0.2388126338146775,4
46,Retail,Other,3103,14069,21955,1668,6792,1452,0.5735478600785705,-0.1520391494761326,0.7630314684360971,-0.2376643694653712,1.13625408372397,-0.0078443129381516,4
47,Retail,Other,44466,54259,55571,7782,24171,6465,0.434945325630262,0.4415408749362437,0.3902727289147304,0.2579669885514342,1.0468195374740166,0.6355703661769259,3
48,Retail,Other,11519,6152,10868,584,5121,1476,0.1356187234987038,-0.1317694543457372,0.206545155313278,-0.2600170566936904,0.8848206201740578,-0.0662841169676154,0
49,Retail,Other,4967,21412,28921,1798,13583,1163,0.8621295544651945,0.0605727961283939,0.7289714387313021,0.1158823681764616,1.1659077580747392,0.1655320277455525,4
50,HoReCa,Other,6269,1095,1980,3860,609,2162,-0.2210588689287805,-0.0708096016947911,-0.3430795910530942,-0.0359733479161727,-0.5820706110905141,-0.2261973041128457,2
51,HoReCa,Other,3347,4051,6996,239,1538,301,-0.0720433736561101,-0.2487907956041573,-0.1808690502894265,-0.3679504169323376,-0.0287229449394197,-0.7430876992955522,2
52,Retail,Other,40721,3916,5876,532,2587,1278,-0.052117528573165,0.4684989831224592,0.2038552173913669,0.6261716702573181,-0.0867495726641709,0.8909028791210403,3
53,Retail,Other,491,10473,11532,744,5611,224,0.2789470212329287,-0.281019265186206,0.403949333133273,-0.449132135912335,0.8740988275952073,-0.4758487853096406,0
54,HoReCa,Other,27329,1449,1947,2436,204,1333,-0.2452630725767847,0.286008111170812,-0.162629922946002,0.536716972297852,-0.5661236177888774,0.6849596429801801,1
55,HoReCa,Other,5264,3683,5005,1057,2024,1130,-0.103712866569735,-0.1997366429537304,-0.233658734818708,-0.298858883508922,-0.2019424298597647,-0.721025598211594,2
56,Retail,Other,4098,29892,26866,2616,17740,1340,0.8391977821271885,0.2042963808710113,0.54263980382642,0.2327742150149677,1.134548230271106,0.2008058468552763,4
57,Retail,Other,5417,9933,10487,38,7572,1282,0.318542213461867,-0.2207131181215313,0.4746777128635699,-0.3834965416127781,0.990674583048006,-0.2410497362731371,0
58,HoReCa,Other,13779,1970,1648,596,227,436,-0.2501364703788843,-0.0351243708703211,-0.3782829305730563,0.038965550005332,-0.6503694520222102,-0.1023503520359432,2
59,HoReCa,Other,6137,5360,8040,129,3084,1603,0.0189683718951048,-0.212488864970214,-0.0220229337537934,-0.3573458414066495,0.3731213086902085,-0.6586893364667846,0
60,Retail,Other,8590,3045,7854,96,4095,225,-0.0115112333898755,-0.1927538496606906,-0.0598305198966567,-0.2986881440336674,0.1794932623136868,-0.5060044485503938,2
61,Retail,Other,35942,38369,59598,3254,26701,2017,0.5104345084293169,0.4434218772621709,0.3929913970367595,0.2596203904566626,1.096396168156771,0.5179666938410352,3
62,Retail,Other,7823,6245,6544,4154,4074,964,0.0090102239630968,-0.1133137786238185,-0.0096999481190707,-0.1962110688577542,0.3534299733656377,-0.3086495975566462,2
63,Retail,Other,9396,11601,15775,2896,7677,1295,0.4270871287557402,-0.1007127399532314,0.640191870600562,-0.2409979989295627,1.155806895392095,0.1786350492521056,0
64,HoReCa,Other,4760,1227,3250,3724,1247,1145,-0.1948994913015229,-0.1272040065495642,-0.3396877340483363,-0.1347791205181508,-0.5182627933852388,-0.4322266616355369,2
65,Retail,Other,85,20959,45828,36,24231,1423,0.7539503554469699,0.3101013874055398,0.4410358671167105,0.2616736195916984,1.1483957385883077,0.1352469320900656,4
66,HoReCa,Other,9,1534,7417,175,3468,27,-0.0257408512864341,-0.2970617423148748,-0.09322374084289,-0.4130771376120034,0.1062588671903031,-0.7534036783570165,2
67,Retail,Other,19913,6759,13462,1256,5141,834,0.1625888075147995,0.0289136767797279,0.2924046416705134,0.0001268740718932,0.7219711661891853,0.57781759849562,0
68,HoReCa,Other,2446,7260,3993,5870,788,3095,-0.0597202743447783,-0.0674909329470752,-0.0599707011697157,-0.0629219989364078,-0.0151727207401401,-0.0958264945212768,2
69,HoReCa,Other,8352,2820,1293,779,656,144,-0.2217294468127834,-0.1336712303111615,-0.3794441601753928,-0.1354681585972589,-0.5404623323910834,-0.4177517515871896,2
70,HoReCa,Other,16705,2037,3202,10643,116,1365,-0.1929747535756292,0.2927414674822367,-0.0506065913223718,0.4810257519427728,-0.4214474336569586,0.5814482961589554,1
71,HoReCa,Other,18291,1266,21042,5373,4173,14472,0.3614768718640653,0.393844530829971,0.399259755189395,0.2634750903712735,0.4284467783983809,0.5388427699211272,3
72,HoReCa,Other,4420,5139,2661,8872,1321,181,-0.1307165970681751,0.0071394196169909,-0.1113543513841284,0.0960735549759147,-0.2354513943970502,-0.0033438994733019,2
73,Retail,Other,19899,5332,8713,8132,764,648,-0.0958108418963649,0.2452898771141959,0.0008987162689015,0.4094083190417788,-0.1884618283415242,0.8126110518976687,1
74,Retail,Other,8190,6343,9794,1285,1901,1780,0.0156350177712668,-0.1495706831106977,-0.0107208200281699,-0.262440564367948,0.425095863972638,-0.4536534663942194,2
75,HoReCa,Other,20398,1137,3,4407,3,975,-0.2927946967282023,0.1966879682008659,-0.2988019728448939,0.4165342524963791,-0.7545245986949444,0.477577904138473,1
76,HoReCa,Other,717,3587,6532,7530,529,894,-0.1078183422764664,-0.0829836417891992,-0.1282246715305856,-0.0465470881069783,-0.1647623281565941,-0.2179663842773194,2
77,Retail,Other,12205,12697,28540,869,12034,1009,0.7513010200440421,0.0126066727070234,0.7923752448833208,0.0076415899235874,1.120639496277413,0.2419467109294494,4
78,HoReCa,Other,10766,1175,2067,2096,301,167,-0.2574395111741396,-0.0620719370358333,-0.4098498165501623,-0.0068832712708617,-0.7004238678739123,-0.2178807568443945,2
79,HoReCa,Other,1640,3259,3655,868,1202,1653,-0.1279596927044022,-0.2297405109441161,-0.2610406538069766,-0.31847176755985,-0.2098209709759303,-0.6871863036900917,2
80,HoReCa,Other,7005,829,3009,430,610,529,-0.2168706693463673,-0.1581900944804491,-0.3779155808867272,-0.1730841990779726,-0.5043193191568105,-0.48017273279404,2
81,Retail,Other,219,9540,14403,283,7818,156,0.3976279742424212,-0.2772839137719737,0.5725819154133496,-0.4145797417023828,0.9656659322700974,-0.3749778514272843,0
82,Retail,Other,10362,9232,11009,737,3537,2342,0.155620339008792,-0.1193562313766878,0.2402263946635041,-0.2448420655760986,0.9380307119266688,0.022311778152917,0
83,HoReCa,Other,20874,1563,1783,2320,550,772,-0.2576563583225598,0.1398862532396066,-0.2961826933974484,0.3308141844880722,-0.6908481647038799,0.4260821525637058,1
84,Retail,Other,11867,3327,4814,1178,3837,120,-0.0860399135778701,-0.1111709680109187,-0.1648772854952065,-0.1475219150071061,-0.1594503614157026,-0.272854921535876,2
85,Retail,Other,16117,46197,92780,1026,40827,2944,0.37939781887327,0.4217476697144812,0.3883366736832281,0.2562637349561324,1.1496273046754084,0.3385310835504959,3
86,Retail,Other,22925,73498,32114,987,20070,903,0.4049039217136693,0.4209787594450973,0.3884367447992928,0.2563393057786999,0.9724824531993256,0.3833676285205042,3
87,HoReCa,Other,43265,5025,8117,6312,1579,14351,0.2789329798705155,0.5687683065439961,0.39483034971194,0.2825635724817166,0.1771470297673002,0.8374567839151436,3
88,HoReCa,Other,7864,542,4042,9735,165,46,-0.2014511206756206,0.1014060187765873,-0.1416351099577707,0.2473306821759162,-0.4201080075104554,0.1415906162685683,1
89,HoReCa,Other,24904,3836,5330,3443,454,3178,-0.1469561153386978,0.2756174663879382,-0.0538576201327925,0.4779438454720919,-0.3295105011262146,0.9016782884608256,1
90,HoReCa,Other,11405,596,1638,3347,69,360,-0.2786526625861946,-0.013904429429952,-0.4136609279751089,0.0791379530274061,-0.7648710686059701,-0.0858534338884122,2
91,HoReCa,Other,12754,2762,2530,8693,627,1117,-0.2045926824044477,0.1561609175581232,-0.1736276102205255,0.3225087737341822,-0.4874605703811686,0.3928984954587655,1
92,Retail,Other,9198,27472,32034,3232,18906,5130,0.8333454214028618,0.2811143014915986,0.5108182391595906,0.2552528225022177,1.1548350904369968,0.3403682040082508,4
93,HoReCa,Other,11314,3090,2062,35009,71,2698,0.2824341417452912,0.5047582272413778,0.3900350151310968,0.2639131765015504,-0.0413992230110359,0.5324876653575953,3
94,Retail,Other,5626,12220,11323,206,5038,244,0.2720800867303909,-0.2167782967204375,0.4048812679722288,-0.3705245523594407,0.902849102002835,-0.2678894435767461,0
95,HoReCa,Other,3,2920,6252,440,223,709,-0.1177795208903556,-0.2632076086518808,-0.2406006008985143,-0.3535239289116528,-0.1529424814170088,-0.7259523252920129,2
96,Retail,Other,23,2616,8118,145,3874,217,0.0168196490582881,-0.3038568881263291,-0.0288941034895179,-0.4430106441334656,0.2375636987341919,-0.7668978256775625,0
97,HoReCa,Other,403,254,610,774,54,63,-0.2329047651845157,-0.2200037043466412,-0.3641455518920082,-0.228786746635816,-0.438479189490325,-0.6101071903197048,2
98,HoReCa,Other,503,112,778,895,56,132,-0.2339612330142165,-0.2170458592512948,-0.3674269063091252,-0.2259608767153831,-0.4447429754030153,-0.6054946701786983,2
99,HoReCa,Other,9658,2182,1909,5639,215,323,-0.2476301522037761,0.0080207044328452,-0.3449825426219667,0.1079856453539181,-0.6720002351437817,-0.0122783770948642,1
100,Retail,Other,11594,7779,12144,3252,8035,3029,0.3096213680984108,-0.0435806572389299,0.4811708315362791,-0.1490536429134605,1.0212350486524613,0.3420047572090169,0
101,Retail,Other,1420,10810,16267,1593,6766,1838,0.427407379558279,-0.2224780326197228,0.6231583558865993,-0.37777942194277,1.1107038954484223,-0.1990924706560797,0
102,Retail,Other,2932,6459,7677,2561,4573,1386,0.0826856433382287,-0.2222409111386711,0.0890065892292742,-0.384793853631964,0.6231288952200017,-0.6441470321122069,0
103,HoReCa,Other,56082,3504,8906,18028,1480,2498,0.1565782202441258,0.8031950337830328,0.40849070562391,0.3960700673826256,-0.0557964397201103,1.0789826233293731,3
104,HoReCa,Other,14100,2132,3445,1336,1491,548,-0.2003629111033985,-0.036189503403974,-0.3249884778073257,0.0174604084861221,-0.6290412356346764,-0.0566967193189361,2
105,HoReCa,Other,15587,1014,3970,910,139,1378,-0.232252887522796,0.011321915828107,-0.3355261292554218,0.108810626319095,-0.6500958512772905,0.0909704299069045,1
106,Retail,Other,1454,6337,10704,133,6830,1831,0.2467891918992701,-0.2733173503213814,0.3559703986970573,-0.4454110428548869,0.8500377029836901,-0.4713498439595622,0
107,Retail,Other,8797,10646,14886,2471,8969,1438,0.4448187308810754,-0.1162643295030711,0.6569576061315466,-0.2530671506188994,1.1328766118030589,0.1254825523478919,0
108,Retail,Other,1531,8397,6981,247,2505,1236,0.0537621024341712,-0.2665473704773537,0.0325459629134981,-0.4257323949664454,0.4199245156610681,-0.6923183687253205,0
109,Retail,Other,1406,16729,28986,673,836,3,0.5044140636183124,-0.0840493687161528,0.5670440133693176,-0.0217642972160026,0.8466076744483273,-0.0329378435857662,4
110,HoReCa,Other,11818,1648,1694,2276,169,1647,-0.2506369133641355,-0.0198025620501029,-0.3856418282991101,0.0533820870217475,-0.7471941380562044,-0.0523690051148903,2
111,Retail,Other,12579,11114,17569,805,6457,1519,0.4075813766569814,-0.0860270504235144,0.6149712853516303,-0.2154250151171669,1.1266111371117138,0.2332482770827163,0
112,HoReCa,Other,19046,2770,2469,8853,483,2708,-0.1877394602049743,0.3030277920803275,-0.0658696226125343,0.5015456168575976,-0.4273205034288174,0.7242482326350227,1
113,HoReCa,Other,14438,2295,1733,3220,585,1561,-0.2421210188531181,0.042591397967248,-0.3489118357948728,0.1564768840853582,-0.7945223177263407,0.1998376969486065,1
114,HoReCa,Other,18044,1080,2000,2555,118,1266,-0.2678732095799687,0.100168150484509,-0.341147287616422,0.2651940618756577,-0.7609371665114105,0.3218048939116356,1
115,HoReCa,Other,11134,793,2988,2715,276,610,-0.2529665448871014,-0.0401167668845971,-0.4010285754637831,0.0256201598903783,-0.7446736549222278,-0.1425020654685164,2
116,HoReCa,Other,11173,2521,3355,1517,310,222,-0.2226554816507397,-0.076496345629763,-0.3728441164416735,-0.0453314027798647,-0.6432933308950811,-0.2430237116066705,2
117,HoReCa,Other,6990,3880,5380,1647,319,1160,-0.1539050524791379,-0.1443901526044851,-0.2976324734428259,-0.1925040954186266,-0.4455800242829277,-0.5152476244213481,2
118,HoReCa,Other,20049,1891,2362,5343,411,933,-0.2514490006307343,0.1992246421210071,-0.2559813286399122,0.4135922402946952,-0.6971472467333839,0.5924811188205426,1
119,HoReCa,Other,8258,2344,2147,3896,266,635,-0.2382797547231267,-0.0619318232821247,-0.3848570462579948,-0.0170458200572828,-0.6973197868558391,-0.2287408143446554,2
120,HoReCa,Other,17160,1200,3412,2417,174,1136,-0.2493715842704665,0.0713664430422109,-0.3382159568239348,0.2135576182307944,-0.7517771197964326,0.2784161754866313,1
121,HoReCa,Other,4020,3234,1498,2395,264,255,-0.2138172427676869,-0.1640909180505692,-0.3725792335888263,-0.1856308981924437,-0.5004713871574354,-0.5266646762265578,2
122,HoReCa,Other,12212,201,245,1991,25,860,-0.2920182234685899,-0.0160833347300647,-0.4243548389161236,0.0787740927148514,-0.7554520510958849,-0.0926780491976599,2
123,Retail,Other,11170,10769,8814,2194,1976,143,0.0564579047570662,-0.0895018043670564,0.0905444361469322,-0.1608983131166894,0.4593130169470623,0.0058752315085953,0
124,HoReCa,Other,36050,1642,2961,4787,500,1621,-0.1845628932857454,0.5070191477599812,0.0683310123145826,0.7353255086402105,-0.3941619148470346,0.941158657355024,3
125,HoReCa,Other,76237,3473,7102,16538,778,918,0.2260704099784063,0.773228426709065,0.4068230009577627,0.3174255981544434,-0.0984348279280446,1.093450565695108,3
126,HoReCa,Other,19219,1840,1658,8195,349,483,-0.2442222450626351,0.2589809485847653,-0.168820619449675,0.4750716088009591,-0.5803246006671852,0.5714711329502034,1
127,Retail,Other,21465,7243,10685,880,2386,2749,0.0499270787591243,0.1069772811605288,0.1450513054702249,0.1589749878026471,0.3682469583780525,0.7896823044663954,1
128,HoReCa,Other,140,8847,3823,142,1062,3,-0.0338306720231998,-0.2678394706343452,-0.0901617949655838,-0.3645627782042601,0.094249873072999,-0.6576480425920512,2
129,HoReCa,Other,42312,926,1510,1718,410,1819,-0.1553662196808629,0.5523462486611448,0.165211773547286,0.7019507615988395,-0.3444181385930854,0.8609681703287699,3
130,HoReCa,Other,7149,2428,699,6316,395,911,-0.2384409350211156,-0.004176569377076,-0.3181928187011845,0.0879120828346944,-0.5974332488235776,-0.0593631645541837,2
131,HoReCa,Other,2101,589,314,346,70,310,-0.238152912910091,-0.2058793162490202,-0.379024124874507,-0.2158708218497769,-0.4635785010345355,-0.5787137976395581,2
132,HoReCa,Other,14903,2032,2479,576,955,328,-0.2245544840944988,-0.0277500668684564,-0.3417193943007154,0.0454706096543444,-0.6021386610561439,-0.049941192020879,2
133,HoReCa,Other,9434,1042,1235,436,256,396,-0.2529158472299519,-0.1089468037104452,-0.4060073391274108,-0.0804023943253725,-0.6026583826788329,-0.3390176928857709,2
134,HoReCa,Other,7388,1882,2174,720,47,537,-0.2317723641923895,-0.1409128159196985,-0.3963433707492266,-0.1446257596988298,-0.5606181849094807,-0.4407051920326436,2
135,HoReCa,Other,6300,1289,2591,1170,199,326,-0.2303398681292133,-0.1529564166054957,-0.3973277426183895,-0.1621799881117453,-0.5495345274104397,-0.4815972133534387,2
136,HoReCa,Other,4625,8579,7030,4575,2447,1542,0.0259621054175912,-0.1288970989257549,0.021893285183876,-0.2159418420701769,0.3741944617519522,-0.2856755098802167,2
137,HoReCa,Other,3087,8080,8282,661,721,36,-0.0061993991004574,-0.2367435759723471,-0.0535851557226458,-0.3549901624963503,0.192589748771051,-0.607783732240409,2
138,HoReCa,Other,13537,4257,5034,155,249,3271,-0.1270141405332341,-0.0151945870133375,-0.1655363597796509,0.0234263812504215,-0.2504550973156519,0.1238353105166323,2
139,HoReCa,Other,5387,4979,3343,825,637,929,-0.1474129484665287,-0.1846504748870702,-0.2905099077731142,-0.2537742241842666,-0.3261147138942428,-0.5968350946932289,2
140,HoReCa,Other,17623,4280,7305,2279,960,2616,-0.1081588547861676,0.0771457631879222,-0.1217780309821256,0.1656980331783362,-0.3123403321213218,0.6598433811338883,1
141,HoReCa,Other,30379,13252,5189,321,51,1450,0.0025600922844107,0.2918447484906805,0.185510012385197,0.4062312882445629,0.082264442345702,0.7478100019184146,3
142,HoReCa,Other,37036,7152,8253,2995,20,3,-0.0690397456513294,0.4490114865836899,0.1675158288583934,0.6198053550109616,-0.1170838405711979,0.9194240321215172,3
143,HoReCa,Other,10405,1596,1096,8425,399,318,-0.2405309921351825,0.1076498297692543,-0.2282951952676471,0.2630504415821837,-0.5512430953970939,0.1882623661400524,1
144,HoReCa,Other,18827,3677,1988,118,516,201,-0.2181630329551309,0.0423781939048815,-0.2776535426398609,0.1640173097488731,-0.5274023981279824,0.1708198170267595,1
145,Retail,Other,22039,8384,34792,42,12591,4430,0.7117027383037547,0.1938787887174533,0.5947264081346477,0.1739691187312577,1.006141229184227,0.4679103827562514,4
146,HoReCa,Other,7769,1936,2177,926,73,520,-0.2337139017403846,-0.1320868959831337,-0.3991324831147631,-0.1311447630091999,-0.5816546601821159,-0.4203172618249729,2
147,HoReCa,Other,9203,3373,2707,1286,1082,526,-0.1909334122310201,-0.1207182848828941,-0.3467442842458106,-0.1348630593673188,-0.5551952561024334,-0.4090612396755347,2
148,HoReCa,Other,5924,584,542,4052,283,434,-0.2671716127488671,-0.082733828046477,-0.4047396308047309,-0.0310792891922346,-0.6515588861577454,-0.3033717097682262,2
149,HoReCa,Other,31812,1433,1651,800,113,1440,-0.2210502059831663,0.3436132372550303,-0.0578368489929652,0.5844110161095786,-0.4568291325623935,0.6874226156417553,1
150,HoReCa,Other,16225,1825,1765,853,170,1067,-0.2524748229185165,0.0236941759362597,-0.3546433394214767,0.1363881696078157,-0.6826989462934019,0.0968247807885945,1
151,HoReCa,Other,1289,3328,2022,531,255,1774,-0.1661412118669368,-0.2184063069537641,-0.2987011536541507,-0.2764353609553246,-0.2983612222081765,-0.612316041822165,2
152,HoReCa,Other,18840,1371,3135,3001,352,184,-0.2549616360002512,0.1053161209545887,-0.3178863673926578,0.2740457942617451,-0.7130002608573716,0.3351669128548733,1
153,HoReCa,Other,3463,9250,2368,779,302,1627,-0.0740821518911392,-0.1858346739337127,-0.1367535920753819,-0.2549738860650588,-0.0253036403454229,-0.4570485160820829,2
154,HoReCa,Other,622,55,137,75,7,8,-0.2355267878937701,-0.22272353023917,-0.3561379057955517,-0.2243590797286056,-0.432654518225848,-0.6052285187176735,2
155,Retail,Other,1989,10690,19460,233,11577,2153,0.6394889877457909,-0.1629519453559161,0.7953616515078538,-0.2029307755930964,1.116813210003491,-0.0654559765338909,4
156,Retail,Other,3830,5291,14855,317,6694,3182,0.3078900379820989,-0.2054038437394957,0.4536909063417889,-0.3406775411225526,0.9241181923173328,-0.1937233636063221,0
157,HoReCa,Other,17773,1366,2474,3378,811,418,-0.252520095439375,0.093011866538748,-0.3282392887694636,0.2521208905947928,-0.7434035398348674,0.3187465706689179,1
158,Retail,Other,2861,6570,9618,930,4004,1682,0.112613495802637,-0.2493853527708038,0.1343239288425572,-0.4319449574513769,0.7024510691760879,-0.6553976083360122,0
159,Retail,Other,355,7704,14682,398,8077,303,0.3788583554997641,-0.2784564843300872,0.5496668663183776,-0.4181542000132607,0.9403612623530482,-0.3856310799528033,0
160,Retail,Other,1725,3651,12822,824,4424,2157,0.1476346968697166,-0.2533347873848542,0.1994084532119072,-0.4123420028899089,0.6645231945565447,-0.5166508387141817,0
161,HoReCa,Other,12434,540,283,1092,3,2233,-0.2657951166363092,-0.0100184942468878,-0.3684526872469837,0.0772096473639067,-0.6581413302534364,-0.0361358820661726,2
162,HoReCa,Other,15177,2024,3810,2665,232,610,-0.2367457529698803,0.027001445018487,-0.3504243069439397,0.1344271369051965,-0.7645751534462197,0.1432548606160352,1
163,Retail,Other,5531,15726,26870,2367,13726,446,0.8066400038840515,-0.004832837123561,0.7894216944204896,0.0295206443490036,1.138811548565206,0.1323853245681054,4
164,Retail,Other,5224,7603,8584,2540,3674,238,0.0669825546428408,-0.1994488646702345,0.0689931821850394,-0.3470256913445826,0.5650524447037399,-0.5729601728157913,0
165,Retail,Other,15615,12653,19858,4425,7108,2379,0.4804510142307673,0.0619749770695274,0.6729730253882958,-0.0278749393878959,1.0918751309052657,0.5584449005239859,4
166,Retail,Other,4822,6721,9170,993,4973,3637,0.1647728001000731,-0.1756790880242728,0.2408931093481006,-0.3041651996597494,0.7468257192290533,-0.2147159080487941,0
167,HoReCa,Other,2926,3195,3268,405,1680,693,-0.1343241959970696,-0.2362191809071613,-0.2776570476752987,-0.3267866830786448,-0.2321299735056048,-0.7136260465230614,2
168,HoReCa,Other,5809,735,803,1393,79,429,-0.2580795898506179,-0.1423776245804197,-0.4201575719559417,-0.1317391897218725,-0.5933602969486717,-0.4486858678876735,2
169,HoReCa,Other,5414,717,2155,2399,69,750,-0.2455139978329427,-0.1320381546096475,-0.4097722021297639,-0.1243456329277617,-0.6058119883148259,-0.4348359117001201,2
170,Retail,Other,260,8675,13430,1116,7015,323,0.3320186443786556,-0.2782234927362603,0.4872324052395749,-0.4421929823063671,0.9371136427106036,-0.4237534680949782,0
171,Retail,Other,200,25862,19816,651,8773,6250,0.7167954260144809,0.0753240525739875,0.5923992699013442,0.1413922058211059,1.0458569457826592,0.1564779994016735,4
172,HoReCa,Other,955,5479,6536,333,2840,707,-0.000308234372073,-0.2849428328158387,-0.0670605438040211,-0.4412158744111227,0.2287608517176681,-0.8132785112588335,2
173,Retail,Other,514,7677,19805,937,9836,716,0.5303875640612612,-0.2222449249860826,0.7190963979951567,-0.2988829811507356,1.033470310204401,-0.2015538996084371,4
174,HoReCa,Other,286,1208,5241,2515,153,1442,-0.1642011451667233,-0.2044126513069102,-0.2943706794120722,-0.252014126561835,-0.3173710001339774,-0.5990677786968774,2
175,Retail,Other,2343,7845,11874,52,4196,1697,0.1947959057472885,-0.2649684175925974,0.2723417023751189,-0.4521558669606523,0.8394931227789241,-0.5293644010361322,0
176,HoReCa,Other,45640,6958,6536,7368,1532,230,-0.0122240698553549,0.6653760494521538,0.3102135041673314,0.6763598296580621,-0.0887903506126112,1.0591127672827367,3
177,HoReCa,Other,12759,7330,4533,1752,20,2631,-0.111102702073531,-0.0095766837232733,-0.1527981096632402,0.0167008044256325,-0.2532668779704941,0.1892885154456857,2
178,HoReCa,Other,11002,7075,4945,1152,120,395,-0.1281500019295187,-0.0920472213410321,-0.221952671678672,-0.1077535319588198,-0.31031924120271,-0.2153096173371458,2
179,HoReCa,Other,3157,4888,2500,4477,273,2165,-0.1560402723786934,-0.1073170048374069,-0.248296255374781,-0.1119767640188533,-0.3471762952873325,-0.3125553455337878,2
180,HoReCa,Other,12356,6036,8887,402,1382,2794,-0.0135288772042855,-0.0662743726960581,-0.0218881346898327,-0.1039878705033221,0.1968677036766447,0.0847987300315935,2
181,HoReCa,Other,112151,29627,18148,16745,4948,8550,0.3676451124685801,0.4695558595614207,0.3883146155637447,0.2563015650100967,0.3152045436812069,1.143980401689355,3
182,HoReCa,Other,694,8533,10518,443,6907,156,0.2707932661618251,-0.2893846721391547,0.3915930928740392,-0.4528884260766427,0.8311824882809428,-0.4993679575773541,0
183,HoReCa,Other,36847,43950,20170,36534,239,47943,0.3635000239512358,0.4086569129817574,0.3881998035138974,0.2561385684770071,0.4167311489295666,0.6588168363489142,3
184,HoReCa,Other,327,918,4710,74,334,11,-0.1650996911223405,-0.2572735608146538,-0.2940053286966312,-0.3104933872602801,-0.2718517589101312,-0.6862967657639929,2
185,HoReCa,Other,8170,6448,1139,2181,58,247,-0.1894892680667892,-0.1038262303575778,-0.3132298874445182,-0.103481085268144,-0.4720819097691624,-0.3129067705932396,2
186,HoReCa,Other,3009,521,854,3470,949,727,-0.2331871861451089,-0.1447959267265731,-0.3772729060775654,-0.1369834209203621,-0.531560346149201,-0.4634337143399053,2
187,HoReCa,Other,2438,8002,9819,6269,3459,3,0.0908143780883388,-0.1389252400027402,0.1387758240803869,-0.2077692875739376,0.4510053655644425,-0.2249869739962753,0
188,Retail,Other,8040,7639,11687,2758,6839,404,0.2354531974355361,-0.1578962786047648,0.3673561639173331,-0.3094173373507579,0.9625526445008292,-0.1046044103947398,0
189,Retail,Other,834,11577,11522,275,4027,1856,0.2625290259484923,-0.256459425362234,0.3770436590752794,-0.4185381093110789,0.8890651223597421,-0.4080620337312874,0
190,HoReCa,Other,16936,6250,1981,7332,118,64,-0.1949278048732707,0.1827071294425226,-0.1561595470235087,0.353548192359488,-0.4709306999770347,0.5091314064620936,1
191,HoReCa,Other,13624,295,1381,890,43,84,-0.2779698978024315,-0.0259995763350825,-0.3988728143339672,0.0662309584674063,-0.6786307136761249,-0.1090445406133313,2
192,HoReCa,Other,5509,1461,2251,547,187,409,-0.2239660833948481,-0.173434591024112,-0.3873001394851869,-0.1931829886417893,-0.4994055582945398,-0.5229350079881544,2
193,Retail,Other,180,3485,20292,959,5618,666,0.3191504916849169,-0.254036672820351,0.4618749665084133,-0.3536692578954004,0.7968536434099989,-0.3468597933351007,0
194,HoReCa,Other,7107,1012,2974,806,355,1142,-0.2201032840162488,-0.1413485978874399,-0.382105736730725,-0.1512020748364306,-0.5439638783247042,-0.4407065175644156,2
195,HoReCa,Other,17023,5139,5230,7888,330,1755,-0.1492427073059864,0.2123853237283556,-0.0920575847087135,0.3844595108821902,-0.3678536931275424,0.7252004611811523,1
196,HoReCa,Lisbon,30624,7209,4897,18711,763,2876,0.0674108928896254,0.6497674610215601,0.3623503858158113,0.4739395532648162,-0.0545299796237477,0.8890435523339487,3
197,Retail,Lisbon,2427,7097,10391,1127,4314,1468,0.1465979361582093,-0.255318207691651,0.1927048799451482,-0.4451111012762359,0.7896697995948206,-0.6198985665561714,0
198,HoReCa,Lisbon,11686,2154,6824,3527,592,697,-0.1774731210508443,-0.0304773327645412,-0.2911484181274307,0.0133938876011801,-0.6570585793602718,-0.0265433507870172,2
199,HoReCa,Lisbon,9670,2280,2112,520,402,347,-0.2267816058740245,-0.1146659140177023,-0.3825170693563432,-0.1032165779379212,-0.5709611760597479,-0.3553995446716467,2
200,Retail,Lisbon,3067,13240,23127,3941,9959,731,0.656064794214806,-0.0981995416792246,0.8048675789894467,-0.1416709838022659,1.1243899280392238,0.0676662030866323,4
201,Retail,Lisbon,4484,14399,24708,3549,14235,1681,0.7902020014329169,-0.0054652749528087,0.7933232157910516,0.0156362473453976,1.1428327809286285,0.1543941542202255,4
202,HoReCa,Lisbon,25203,11487,9490,5065,284,6854,0.1311742528838654,0.3783724475550891,0.3334078602460829,0.3837545277653367,0.2763648341115683,0.8531833378937855,3
203,HoReCa,Lisbon,583,685,2216,469,954,18,-0.1896038802752825,-0.2447249591490155,-0.3276589866468184,-0.2862859796563117,-0.3390089662318433,-0.6694526312313406,2
204,HoReCa,Lisbon,1956,891,5226,1383,5,1328,-0.176702162076795,-0.2042948774782736,-0.3192151955722069,-0.2532410824364383,-0.3556162868163072,-0.5964675471590705,2
205,Retail,Lisbon,1107,11711,23596,955,9265,710,0.6368037832465028,-0.1748938829179555,0.8036887181868525,-0.218593285603527,1.112878540203044,-0.0941205243090151,4
206,HoReCa,Lisbon,6373,780,950,878,288,285,-0.2508171616002276,-0.1478462032982207,-0.4112585573437752,-0.1410578293190268,-0.5681218183581828,-0.4553509207811655,2
207,Retail,Lisbon,2541,4737,6089,2946,5316,120,0.0393165305160833,-0.2289465448161252,0.023148151430315,-0.3560255056172219,0.3374341673588877,-0.5994123402658551,0
208,HoReCa,Lisbon,1537,3748,5838,1859,3381,806,-0.0353202763447022,-0.2514928937553568,-0.1217465193914661,-0.3868296031328024,0.0993661329906961,-0.7978317747787168,2
209,Retail,Lisbon,5550,12729,16767,864,12420,797,0.6287061557789342,-0.1269060768888533,0.7807516033216435,-0.1677634274327283,1.0912672020760852,0.0099869985480398,4
210,HoReCa,Lisbon,18567,1895,1393,1801,244,2100,-0.2474080202503045,0.1061756935925826,-0.2984211934513087,0.2643860371579374,-0.6723250657573939,0.3660570173177286,1
211,Retail,Lisbon,12119,28326,39694,4736,19410,2870,0.8134590296018916,0.3231521105120285,0.4825972791337726,0.264827699477721,1.1532353989880129,0.369233789969751,4
212,HoReCa,Lisbon,7291,1012,2062,1291,240,1775,-0.2303093265100138,-0.1144994092828589,-0.3817971574398349,-0.1060297117621689,-0.5796759948851282,-0.3550537466547167,2
213,HoReCa,Lisbon,3317,6602,6861,1329,3961,1215,0.0513155286086998,-0.2400963392589541,0.0282668394873886,-0.406953093257793,0.4902053601356033,-0.7425799292589752,0
214,Retail,Lisbon,2362,6551,11364,913,5957,791,0.2101469340233749,-0.2690718793847614,0.3018172791715159,-0.4570284996591732,0.8383233378532867,-0.5298286645421154,0
215,HoReCa,Lisbon,2806,10765,15538,1374,5828,2388,0.3816848851152029,-0.2055420743741773,0.5637770712241392,-0.3665393497305285,1.1064190909578595,-0.1619321010840459,0
216,Retail,Lisbon,2532,16599,36486,179,13308,674,0.8561084992483579,0.0522282761330388,0.6823226381255036,0.1343170433898283,1.1390239408813905,0.0845707423239204,4
217,HoReCa,Lisbon,18044,1475,2046,2532,130,1158,-0.2638580980506603,0.096664418585468,-0.3398744420261582,0.2589104696457055,-0.7611033417644159,0.3229265974243893,1
218,Retail,Lisbon,18,7504,15205,1285,4797,6372,0.3394978092684613,-0.1088280781904614,0.4555484000265642,-0.1154231340586123,0.754478981983566,-0.0235275398458115,0
219,HoReCa,Lisbon,4155,367,1390,2306,86,130,-0.2534755685540703,-0.1514832937593125,-0.4088252220131947,-0.1416541214072338,-0.5687787150694905,-0.4771726389665566,2
220,HoReCa,Lisbon,14755,899,1382,1765,56,749,-0.2767425037014057,0.0159584144702884,-0.3960614453080249,0.1292524783109779,-0.7545718019342867,0.0327324463950045,1
221,HoReCa,Lisbon,5396,7503,10646,91,4167,239,0.1349763311869197,-0.243719043789096,0.1794586974204929,-0.4166085424586755,0.6946544564301752,-0.5369351169322308,0
222,HoReCa,Lisbon,5041,1115,2856,7496,256,375,-0.219167160885796,-0.0095028402227901,-0.2595294414928263,0.0886913459225202,-0.4859959657148855,-0.0921892848072051,2
223,Retail,Lisbon,2790,2527,5265,5612,788,1360,-0.1488309234796532,-0.1071768262437365,-0.238366441439678,-0.1026688547044479,-0.3317315239880591,-0.3224891905099113,2
224,HoReCa,Lisbon,7274,659,1499,784,70,659,-0.252095120659477,-0.1324288042017963,-0.4134148462125057,-0.1200357657066927,-0.5923610281414081,-0.4125901257632007,2
225,HoReCa,Lisbon,12680,3243,4157,660,761,786,-0.1849013878566026,-0.0705603098230778,-0.3153234149337612,-0.0494438346413865,-0.5605334727136598,-0.1784115777621281,2
226,Retail,Lisbon,20782,5921,9212,1759,2568,1553,-0.0176641616339515,0.0891589670460444,0.0263125798790986,0.1585809299529847,0.1329273441343164,0.8571781391372225,1
227,HoReCa,Lisbon,4042,2204,1563,2286,263,689,-0.2240959869021973,-0.1600938498282228,-0.388870994562023,-0.1774986431592584,-0.5354552008010544,-0.5179441841464485,2
228,HoReCa,Lisbon,1869,577,572,950,4762,203,-0.1082669439187321,-0.2350512714863664,-0.1875473219578189,-0.2809367591673483,-0.1305592409822233,-0.5950191424120795,2
229,HoReCa,Lisbon,8656,2746,2501,6845,694,980,-0.2093640460527926,0.0253016544341553,-0.2712975419765193,0.1262115563068168,-0.5514546450562791,0.0710000613811494,1
230,Retail,Lisbon,11072,5989,5615,8321,955,2137,-0.0952879895370617,0.115277842084064,-0.0526302942414027,0.222450978415389,-0.1768363718731832,0.4733125592431229,1
231,HoReCa,Lisbon,2344,10678,3828,1439,1566,490,0.0004315997442406,-0.2164291024760122,-0.0277346411244536,-0.3157789262453553,0.204449834829592,-0.516337481523582,2
232,HoReCa,Lisbon,25962,1780,3838,638,284,834,-0.2172463519813712,0.2051650387218447,-0.1697426431881703,0.4199138339060086,-0.484692160898714,0.5482666357857146,1
233,HoReCa,Lisbon,964,4984,3316,937,409,7,-0.1372071925425614,-0.2446154449629529,-0.2656646833330078,-0.3221433667152875,-0.2145685345272838,-0.6918409452999178,2
234,HoReCa,Lisbon,15603,2703,3833,4260,325,2563,-0.2022660169548383,0.1041055398197395,-0.2475343384875981,0.23962082007587,-0.6453219304917315,0.4910920938924908,1
235,HoReCa,Lisbon,1838,6380,2824,1218,1216,295,-0.1047977799214133,-0.2350809256751517,-0.2197841229042634,-0.3286661864263632,-0.1292727960079755,-0.6864091903181623,2
236,HoReCa,Lisbon,8635,820,3047,2312,415,225,-0.2411834839527404,-0.0971914889592464,-0.4016818557092002,-0.0703531144875461,-0.6499483625951313,-0.330580369424707,2
237,HoReCa,Lisbon,18692,3838,593,4634,28,1215,-0.2535214961550783,0.1646870538371401,-0.2796832469653377,0.3564207338802709,-0.7201730603772529,0.5185874330461432,1
238,HoReCa,Lisbon,7363,475,585,1112,72,216,-0.2682207184972376,-0.1232135019051184,-0.4239632649068004,-0.0959961882911947,-0.6168923602685791,-0.392434356911741,2
239,HoReCa,Lisbon,47493,2567,3779,5243,828,2253,-0.0748999362400011,0.6917984917141017,0.2857571608953511,0.7247260329217603,-0.2276389908919561,1.0372293128418195,3
240,HoReCa,Lisbon,22096,3575,7041,11422,343,2564,-0.0965565620969523,0.413907323470175,0.1183127783194574,0.5631274838825193,-0.1976470928858395,0.8477095787685672,3
241,HoReCa,Lisbon,24929,1801,2475,2216,412,1047,-0.2407268040411954,0.2232847632888388,-0.2094167569584419,0.4534930908895609,-0.5898035570727481,0.6153098951874881,1
242,HoReCa,Lisbon,18226,659,2914,3752,586,578,-0.2598053949756524,0.1159914773805834,-0.3220838031290361,0.2907315942700845,-0.745974400381522,0.367714769604116,1
243,HoReCa,Lisbon,11210,3576,5119,561,1682,2398,-0.1139179570282751,-0.0859159246838532,-0.2022604787021673,-0.1049039186874048,-0.2845084877410682,-0.1624451654030728,2
244,HoReCa,Lisbon,6202,7775,10817,1183,3143,1970,0.1160498245306579,-0.1868720922789448,0.1552159436674892,-0.3456917103759865,0.8385841247557094,-0.4176666909765465,0
245,Retail,Lisbon,3062,6154,13916,230,8933,2784,0.385721106508685,-0.2134956111397583,0.5547240543368975,-0.3343174832850532,0.9707709367600966,-0.1887147657624045,0
246,HoReCa,Lisbon,8885,2428,1777,1777,430,610,-0.2333844230607965,-0.1011480174568273,-0.3980661456347268,-0.0857240157589317,-0.6531311468261454,-0.3442111268029003,2
247,HoReCa,Lisbon,13569,346,489,2077,44,659,-0.2921293097538494,0.0058728843010309,-0.4156248975924334,0.1162752089809869,-0.7656861347274512,-0.0259272204758773,1
248,HoReCa,Lisbon,15671,5279,2406,559,562,572,-0.1879624593294775,-0.0117939067550951,-0.2780181716597749,0.0547167525204733,-0.507867860580004,0.057873654093068,2
249,HoReCa,Lisbon,8040,3795,2070,6340,918,291,-0.199679207257427,-0.0105056018616559,-0.2759581816272655,0.0661667921680633,-0.5182810145462842,-0.0383582616784856,2
250,HoReCa,Lisbon,3191,1993,1799,1730,234,710,-0.2172397924540362,-0.1827404586729968,-0.381346064972393,-0.2123696523667926,-0.4879973032344805,-0.567902275859826,2
251,Retail,Lisbon,6134,23133,33586,6746,18594,5121,0.8300063944683369,0.2682374771913142,0.5198331683050444,0.247970782810916,1.1379947083592483,0.3465214480089535,4
252,HoReCa,Lisbon,6623,1860,4740,7683,205,1693,-0.1820553439102339,0.0291071344347933,-0.2050585432769163,0.1285426341652338,-0.4194826384238015,0.0785504637310972,1
253,HoReCa,Lisbon,29526,7961,16966,432,363,1391,0.0965055102898675,0.2514661871783407,0.2675738247659639,0.336167485120697,0.3036705562843531,0.7772690762746226,3
254,HoReCa,Lisbon,10379,17972,4748,4686,1547,3265,0.1664837851656126,0.0651444728692445,0.3041446964083779,0.0687720585017178,0.4767447516241111,0.3569227233862336,0
255,HoReCa,Lisbon,31614,489,1495,3242,111,615,-0.2487631282975669,0.3828872751120294,-0.0775440283779501,0.638987337130503,-0.5390075322532064,0.7302206284829811,1
256,HoReCa,Lisbon,11092,5008,5249,453,392,373,-0.1480130920587279,-0.1085195482506311,-0.2654336434964499,-0.1255509764484331,-0.3821959536749009,-0.2988959726288301,2
257,HoReCa,Lisbon,8475,1931,1883,5004,3593,987,-0.1516011088811455,-0.052720896059392,-0.2348080214109312,-0.0228267369530512,-0.4021457427263101,-0.1180000805673199,2
258,HoReCa,Lisbon,56083,4563,2124,6422,730,3321,0.0159229421414312,0.7920464475253446,0.377582911199385,0.6033152012679043,-0.1628704555941435,1.077869246833857,3
259,HoReCa,Lisbon,53205,4959,7336,3012,967,818,0.0085921130717224,0.6899072611194254,0.3457109902922612,0.6348102604496022,-0.0935274407950696,1.0035735458937045,3
260,HoReCa,Lisbon,9193,4885,2157,327,780,548,-0.1750164552897398,-0.1337354678470311,-0.3132597308191736,-0.1572580815848322,-0.4288243156662752,-0.4023399908508337,2
261,HoReCa,Lisbon,7858,1110,1094,6818,49,287,-0.259331896509405,0.0214513035576526,-0.3164571115187114,0.1389589941156914,-0.6155703943926605,-0.0240798856979132,1
262,HoReCa,Lisbon,23257,1372,1677,982,429,655,-0.2527973780663933,0.1606116965669028,-0.2515977612993461,0.3623128096862706,-0.5983790011843194,0.4204352945357859,1
263,HoReCa,Lisbon,2153,1115,6684,4324,2894,411,-0.0911958506314698,-0.1809020090192619,-0.1769645143254487,-0.2347867062545309,-0.1270837881883388,-0.5301142301345837,2
264,Retail,Lisbon,1073,9679,15445,61,5980,1265,0.363623200642254,-0.2683733115033211,0.5323016278035858,-0.4363336224073187,1.0165863828838952,-0.3616829066480359,0
265,HoReCa,Lisbon,5909,23527,13699,10155,830,3636,0.376762388443038,0.1890062286079223,0.4585752361317087,0.1904982235375809,0.6307447859594294,0.40346784918998,4
266,Retail,Lisbon,572,9763,22182,2221,4882,2563,0.4536467014091355,-0.1790335085371567,0.6284571456252739,-0.273238338115128,1.0322554849906111,-0.094173916063098,0
267,HoReCa,Lisbon,20893,1222,2576,3975,737,3628,-0.2013306773089443,0.2257457677258059,-0.1426028778126146,0.4126081107217917,-0.4817348039365521,0.6669117174377435,1
268,Retail,Lisbon,11908,8053,19847,1069,6374,698,0.3808731816574877,-0.1046658958740113,0.5784450537863964,-0.2255168647322633,1.0294519731643252,0.1514030399957061,0
269,HoReCa,Lisbon,15218,258,1138,2516,333,204,-0.2861913016448877,0.0354959480346536,-0.3919039058497984,0.1664164069870921,-0.7561135833037496,0.0644533571538423,1
270,HoReCa,Lisbon,4720,1032,975,5500,197,56,-0.2527421217887197,-0.0674449184733501,-0.3532410162812305,-0.00024768199895,-0.580896149544083,-0.2608567209564296,2
271,HoReCa,Lisbon,2083,5007,1563,1120,147,1550,-0.1610618505442393,-0.2011850004256269,-0.2918634551499202,-0.2593073452974366,-0.3029874184893324,-0.5831046167839666,2
272,HoReCa,Lisbon,514,8323,6869,529,93,1040,-0.0209169548025801,-0.2504867579959296,-0.0750510303348718,-0.3612560683776752,0.1445465424179794,-0.6306363917792027,2
273,HoReCa,Other,36817,3045,1493,4802,210,1824,-0.1818160596328843,0.5275787081911957,0.0879760508846279,0.7434248092950708,-0.3895391120647438,0.9510026125502618,3
274,HoReCa,Other,894,1703,1841,744,759,1153,-0.1845615521303372,-0.2292317429278831,-0.3314489770302176,-0.2828912742087831,-0.3473214114824394,-0.6526842234280253,2
275,HoReCa,Other,680,1610,223,862,96,379,-0.2235061343560142,-0.2189439205512569,-0.3649894710298015,-0.2415156139862785,-0.4276257044152231,-0.6158215295516256,2
276,HoReCa,Other,27901,3749,6964,4479,603,2503,-0.13106881685454,0.3444768180383282,0.0023200413230921,0.5687935392483455,-0.2781417781522896,1.0188084618607574,1
277,HoReCa,Other,9061,829,683,16919,621,139,-0.0861123610274763,0.3401887550077738,0.210125888208107,0.4013316305936517,-0.2629660227891347,0.3519491992013879,1
278,HoReCa,Other,11693,2317,2543,5845,274,1409,-0.2334911521118207,0.059675252391221,-0.3087662004369272,0.182827130065514,-0.6946218480416083,0.2076877714272211,1
279,Retail,Other,17360,6200,9694,1293,3620,1721,0.0417507117330141,0.0030825465268448,0.0876957244343457,-0.01057692636542,0.5116506039509311,0.6241113802738131,2
280,HoReCa,Other,3366,2884,2431,977,167,1104,-0.1922332921876,-0.1947558659383317,-0.3506086911199662,-0.2437261366928726,-0.417147535910231,-0.5939857504811051,2
281,Retail,Other,12238,7108,6235,1093,2328,2079,-0.0267589605172632,-0.0746924895837077,-0.0573947671140485,-0.1237552853590144,0.1487670950142381,-0.0005987060623453,2
282,HoReCa,Other,49063,3965,4252,5970,1041,1404,-0.0503422786615196,0.7108117529413716,0.3100757868144603,0.7090390097921301,-0.1909847749369715,1.050240855303544,3
283,HoReCa,Other,25767,3613,2013,10303,314,1384,-0.1783106695559991,0.4459480493320314,0.0430528799431624,0.6381260066603722,-0.3919033206707437,0.8441473015641752,3
284,HoReCa,Other,68951,4411,12609,8692,751,2406,0.1706284779828744,0.8158332850370149,0.4158164377482392,0.4193427163988519,-0.0064350351334446,1.118613933574011,3
285,HoReCa,Other,40254,640,3600,1042,436,18,-0.1623550368132686,0.4782728247750974,0.1225405430585922,0.653487168138746,-0.3421530962515586,0.7620946764219407,3
286,HoReCa,Other,7149,2247,1242,1619,1226,128,-0.2169972039739258,-0.1417639829043523,-0.3791868289388989,-0.1509552023377801,-0.5422523264981249,-0.4601521917206644,2
287,HoReCa,Other,15354,2102,2828,8366,386,1027,-0.2222047981897287,0.1944740802009016,-0.1836677950209569,0.3831512828078983,-0.5443392089972953,0.4857570250253533,1
288,HoReCa,Other,16260,594,1296,848,445,258,-0.2697173589824998,0.0181374564923631,-0.367721690853089,0.137574640254997,-0.6727206862239881,0.0338424918601308,1
289,HoReCa,Other,42786,286,471,1388,32,22,-0.1768338048819239,0.5333739087423082,0.1561967322498071,0.6652264783225921,-0.4018633823409289,0.7597791913283869,3
290,HoReCa,Other,2708,2160,2642,502,965,1522,-0.1677451911829056,-0.213736326618761,-0.3143728111931622,-0.276680214123351,-0.3272679213086976,-0.6267451102265871,2
291,HoReCa,Other,6022,3354,3261,2507,212,686,-0.1990524393242241,-0.1368757559688876,-0.3599843378584551,-0.1584302918467535,-0.5528072197386013,-0.4785700603728727,2
292,HoReCa,Other,2838,3086,4329,3838,825,1060,-0.1577742165465649,-0.1582854693338538,-0.2913579623488783,-0.1974729102630694,-0.3813325141405526,-0.5336908398558239,2
293,Retail,Porto,3996,11103,12469,902,5952,741,0.3131908957479097,-0.2303866394251213,0.4686830215519906,-0.4059621299294048,1.0172776927652472,-0.2886652144028588,0
294,HoReCa,Porto,21273,2013,6550,909,811,1854,-0.1632464592354617,0.1149461568232527,-0.1718314473787855,0.2610187369928716,-0.4105438885939982,0.5322166581846705,1
295,Retail,Porto,7588,1897,5234,417,2208,254,-0.1327225100850672,-0.1810595069007134,-0.2655332180845536,-0.24361557196201,-0.2815940884995113,-0.5610662160377987,2
296,HoReCa,Porto,19087,1304,3643,3045,710,898,-0.237594358234935,0.1143606568467926,-0.2977061343440608,0.283384079750359,-0.7170561951229479,0.4360765911399172,1
297,Retail,Porto,8090,3199,6986,1455,3712,531,-0.0433777751648019,-0.172268087149242,-0.1197189903707574,-0.2719041731534479,0.0405259483496156,-0.5972135704297662,2
298,Retail,Porto,6758,4560,9965,934,4538,1037,0.077041756294168,-0.2070092551371192,0.0844947714551753,-0.3635272222293551,0.6179558520240044,-0.5633892876545618,0
299,HoReCa,Porto,444,879,2060,264,290,259,-0.2015853149832095,-0.2404916059734815,-0.3405156514663064,-0.2763321077059583,-0.365436142211682,-0.6564912695521126,2
300,Retail,Porto,16448,6243,6360,824,2662,2005,-0.0393637533042747,-0.0051135220899864,-0.048937221216114,0.0056023037372023,0.0514639456085754,0.4215357179792827,2
301,Retail,Porto,5283,13316,20399,1809,8752,172,0.5790341532858286,-0.1439376872574992,0.7742541865913973,-0.2288652022898543,1.1150820869527949,0.0074642731201266,4
302,Retail,Porto,2886,5302,9785,364,6236,555,0.166407641348973,-0.2733449575759212,0.2292025288632372,-0.4461264840519537,0.6900687112541437,-0.5665517051464753,0
303,Retail,Porto,2599,3688,13829,492,10069,59,0.351603094871079,-0.2378426567763734,0.5055816040427814,-0.3171411922515551,0.7961912787761704,-0.2962977673381085,0
304,Retail,Porto,161,7460,24773,617,11783,2410,0.6687072642792733,-0.1387481191276662,0.7710914221737657,-0.1269671077318224,1.0736756268580052,-0.0636407983188694,4
305,Retail,Porto,243,12939,8852,799,3909,211,0.2182638704275071,-0.2627722084358278,0.308398398772223,-0.3958960657338047,0.715842884949093,-0.4597803580071116,0
306,Retail,Porto,6468,12867,21570,1840,7558,1543,0.5645409041779111,-0.120906437511889,0.771166900736684,-0.2258387219517153,1.162327350765482,0.0942142045151953,4
307,HoReCa,Porto,17327,2374,2842,1149,351,925,-0.2332611355023156,0.0413092434110903,-0.3252010888394003,0.1610767736408491,-0.669021808440147,0.1938521384978261,1
308,HoReCa,Porto,6987,1020,3007,416,257,656,-0.2220758899924083,-0.1540607228165285,-0.3836519768974653,-0.1658441408734833,-0.5189455135166298,-0.4681537889877289,2
309,Retail,Porto,918,20655,13567,1465,6846,806,0.5352702947458285,-0.1399819160574529,0.6578228765045809,-0.1553971830018123,0.9931804792692724,-0.0691369464404955,4
310,HoReCa,Porto,7034,1492,2405,12569,299,1117,-0.1552734424626322,0.194501741484826,0.0131345269724983,0.3416227862062387,-0.3128221748594219,0.2608908564633644,1
311,HoReCa,Porto,29635,2335,8280,3046,371,117,-0.1546119630546553,0.3107305646049768,-0.0264666231663765,0.5344281621502386,-0.3192085451193832,0.793029700369469,1
312,Retail,Porto,2137,3737,19172,1274,17120,142,0.6186335502083531,-0.0692703438479397,0.6284253283921191,0.0216611038120113,0.8909160407858935,-0.0614418961135855,4
313,HoReCa,Porto,9784,925,2405,4447,183,297,-0.2603499249079507,-0.0207726477460298,-0.3871425828665177,0.0636752978861176,-0.7192331356070807,-0.1042937708902976,2
314,HoReCa,Porto,10617,1795,7647,1483,857,1233,-0.1453014193598727,-0.0928398052828652,-0.2629924498388875,-0.103915468700917,-0.4569110654487578,-0.2589037719585421,2
315,Retail,Porto,1479,14982,11924,662,3891,3508,0.3478431174449142,-0.1729375625752987,0.4880789733433577,-0.2580640104320357,0.9043535177851376,-0.1206272454274539,0
316,HoReCa,Porto,7127,1375,2201,2679,83,1059,-0.2433468505487402,-0.099340657834653,-0.4056801222934798,-0.0784273854781096,-0.6652328940847249,-0.3443341307738478,2
317,HoReCa,Porto,1182,3088,6114,978,821,1637,-0.1029852341130012,-0.237345390505445,-0.2225363086909703,-0.3367088168451972,-0.1287557817018033,-0.7017269707194137,2
318,HoReCa,Porto,11800,2713,3558,2121,706,51,-0.2133331863086018,-0.0601482808365067,-0.3551299042207884,-0.0211458999978626,-0.6562242638040712,-0.1843687167242536,2
319,Retail,Porto,9759,25071,17645,1128,12408,1625,0.7535925665023765,0.0631503877268795,0.68604531513783,0.0928364383849335,1.090559761020462,0.2345911235507217,4
320,HoReCa,Porto,1774,3696,2280,514,275,834,-0.1703520803055632,-0.2280447489677217,-0.3169738128583719,-0.2934003819114119,-0.3166896298650482,-0.6583294268157113,2
321,HoReCa,Porto,9155,1897,5167,2714,228,1113,-0.20152632115769,-0.0796523427577808,-0.348966691023881,-0.0642039570067745,-0.6645996830197567,-0.2684999839766261,2
322,HoReCa,Porto,15881,713,3315,3703,1470,229,-0.23318000239818,0.0539202404363745,-0.3218055049871084,0.1818115310883163,-0.7022815062179565,0.2132485728692757,1
323,HoReCa,Porto,13360,944,11593,915,1679,573,-0.0732809374882699,-0.0719578934004507,-0.1144957352594228,-0.0758810641866445,-0.0882273246949966,-0.0422098269934,2
324,HoReCa,Porto,25977,3587,2464,2369,140,1092,-0.2224024671211044,0.2490487899160672,-0.1679962574485718,0.4835178536196526,-0.5344033333590471,0.697817610265849,1
325,HoReCa,Porto,32717,16784,13626,60869,1272,5609,0.3645901980791309,0.414934678814165,0.3882136372003404,0.2561515763125366,0.1525813118884607,0.707887123796397,3
326,HoReCa,Porto,4414,1610,1431,3498,387,834,-0.2344965858954117,-0.1247589849055717,-0.3876698211722857,-0.1147510210059869,-0.5836677842019984,-0.4206782038907327,2
327,HoReCa,Porto,542,899,1664,414,88,522,-0.2110832579768741,-0.2312236332593775,-0.3525005197035216,-0.2626248329156099,-0.3932001199473714,-0.6382144645970452,2
328,HoReCa,Porto,16933,2209,3389,7849,210,1534,-0.2188262534638843,0.2159861030525352,-0.1782668298380036,0.4141475681662994,-0.5558661750866385,0.5895725940776333,1
329,HoReCa,Porto,5113,1486,4583,5127,492,739,-0.1977034554866598,-0.086800905934632,-0.3150778218436827,-0.0594299269914972,-0.5118131843150716,-0.2881341523006624,2
330,HoReCa,Porto,9790,1786,5109,3570,182,1043,-0.2099510549804519,-0.0479236426034717,-0.3462565480743132,-0.0061249693325247,-0.7049492664130244,-0.1460979626335418,2
331,Retail,Porto,11223,14881,26839,1234,9606,1102,0.7093013264215741,-0.0143994651028543,0.8114916021945144,-0.0473287779792088,1.141708551317394,0.242480975454724,4
332,HoReCa,Porto,22321,3216,1447,2208,178,2602,-0.2215067484910825,0.198220747109333,-0.1969497364911471,0.3953305714103327,-0.5528001364520119,0.6188578310834181,1
333,Retail,Porto,8565,4980,67298,131,38102,1215,0.4345876597401558,0.41323014851233,0.3887308292712925,0.2565075719670832,1.0109521748306192,0.2087471017099761,3
334,Retail,Porto,16823,928,2743,11559,332,3486,-0.1532660055967147,0.3529643285281328,0.0584767488696328,0.4976207197037509,-0.3280744978996019,0.6292655661978213,1
335,Retail,Porto,27082,6817,10790,1365,4111,2139,0.0827896156483979,0.2065303893220729,0.2264666763669934,0.2964668954567915,0.380447544333047,0.9367443168209788,1
336,HoReCa,Porto,13970,1511,1330,650,146,778,-0.2595470027233205,-0.0231525704957342,-0.3851180685845062,0.0606427679131553,-0.675732193408356,-0.0704286597786,2
337,HoReCa,Porto,9351,1347,2611,8170,442,868,-0.2231083560824268,0.0827157335367847,-0.2309358248345687,0.2230440030452058,-0.5256453398500692,0.1685565559398873,1
338,HoReCa,Porto,3,333,7021,15601,15,550,-0.0426488520624058,0.194294195544612,0.193695065599683,0.3019846574081548,-0.1331552095645516,0.1495985638735847,1
339,HoReCa,Porto,2617,1188,5332,9584,573,1942,-0.135244710989532,0.0342264307051483,-0.0812511958372917,0.1419825099414245,-0.2425561028494271,0.0369709959788431,1
340,Retail,Other,381,4025,9670,388,7271,1371,0.1999356450539056,-0.2858140436695561,0.2815520239746895,-0.4348092267883477,0.6835234980278401,-0.5356175479966188,0
341,Retail,Other,2320,5763,11238,767,5162,2158,0.1804159137833913,-0.2521467390316627,0.2519722701018447,-0.4315313230212325,0.8115240249334547,-0.5078456320568413,0
342,HoReCa,Other,255,5758,5923,349,4595,1328,0.0648296189832836,-0.2906541961382127,0.0477968844261189,-0.4542277552473981,0.4259572607924374,-0.7410227377666563,0
343,Retail,Other,1689,6964,26316,1456,15469,37,0.7204378928782571,-0.0602590245487608,0.7106863091188905,0.0166838367668244,1.0142972919430702,-0.0232340011403447,4
344,HoReCa,Other,3043,1172,1763,2234,217,379,-0.2312772307646265,-0.173797971329945,-0.3914529294611672,-0.187330167476963,-0.515974869021546,-0.5402129782351106,2
345,HoReCa,Other,1198,2602,8335,402,3843,303,0.0118313056987763,-0.2874563862536064,-0.0379245226603062,-0.4301218194563331,0.2355566862685765,-0.75385893619675,0
346,Retail,Other,2771,6939,15541,2693,6600,1115,0.315509398732287,-0.217343696938591,0.4772997971870033,-0.3846133998469818,1.0079491095698636,-0.2520894145964688,0
347,Retail,Other,27380,7184,12311,2809,4621,1022,0.1129236871622381,0.2200421430538534,0.2696410101194678,0.2971316979045266,0.4399120442019723,0.9591966048387212,3
348,HoReCa,Other,3428,2380,2028,1341,1184,665,-0.1854003761790466,-0.2009778872099774,-0.3471054757388596,-0.2551537707311467,-0.4072770294551835,-0.628688027883423,2
349,Retail,Other,5981,14641,20521,2005,12218,445,0.6971090129336223,-0.0809506188626038,0.8156262449953645,-0.1038232073043429,1.125045918517941,0.0856860261722908,4
350,HoReCa,Other,3521,1099,1997,1796,173,995,-0.2267030488337503,-0.1706641600364481,-0.3894495307066876,-0.1896567425211096,-0.5170752112349336,-0.5307460752970891,2
351,Retail,Other,1210,10044,22294,1741,12638,3137,0.6967538631524289,-0.1004965001826139,0.7882255899770118,-0.0991429381887554,1.1156656328340766,0.0234741321757569,4
352,HoReCa,Other,608,1106,1533,830,90,195,-0.2153388944479223,-0.2265527768486434,-0.3584682901761759,-0.2546646052070813,-0.4082866441435439,-0.6339544220161563,2
353,Retail,Other,117,6264,21203,228,8682,1111,0.4985986974079782,-0.2357489917261634,0.6804823620864882,-0.3121845546185819,0.9994307732371104,-0.2376061236776293,0
354,HoReCa,Other,14039,7393,2548,6386,1333,2341,-0.1164844938703779,0.1196486519832219,-0.0957987700036941,0.2280912758202483,-0.2782798168119753,0.5849161609969534,1
355,HoReCa,Other,190,727,2012,245,184,127,-0.2047053045882116,-0.2416316989236407,-0.3391591988127161,-0.2721654241624324,-0.3680530150619627,-0.6546279942664643,2
356,HoReCa,Other,22686,134,218,3157,9,548,-0.298346942334045,0.2080325550642783,-0.2825655132400363,0.4358126022955086,-0.7190451711327747,0.4538181340566088,1
357,Retail,Other,37,1275,22272,137,6747,110,0.3545879320407815,-0.2399848450596569,0.4931947764853447,-0.2689092346383867,0.7352268027722345,-0.3170742247816215,0
358,HoReCa,Other,759,18664,1660,6114,536,4100,0.1565432090361503,0.0230315905931015,0.2946331806778441,0.0692753379534891,0.3566824859020043,0.100823615539476,0
359,HoReCa,Other,796,5878,2109,340,232,776,-0.1329606253286294,-0.2425130538283209,-0.2516492296287294,-0.3183642453518531,-0.1913529780994912,-0.6632464879611908,2
360,HoReCa,Other,19746,2872,2006,2601,468,503,-0.2448221831974313,0.1171996673188195,-0.2989242032680824,0.2897378299510172,-0.6949081513247747,0.4048427167193007,1
361,HoReCa,Other,4734,607,864,1206,159,405,-0.250887681481019,-0.1619779261324953,-0.4109663113883561,-0.1614001017665291,-0.5543035346198822,-0.4949775471246227,2
362,HoReCa,Other,2121,1601,2453,560,179,712,-0.2013265411206209,-0.2175236034385749,-0.3562311510982202,-0.2618167761445461,-0.3997542605357341,-0.626455732045217,2
363,HoReCa,Other,4627,997,4438,191,1335,314,-0.1658258489753146,-0.2126176755262844,-0.3139427342468709,-0.2708110225835607,-0.3281900525519337,-0.6200164649343596,2
364,HoReCa,Other,2615,873,1524,1103,514,468,-0.2211686158984553,-0.2008144626560746,-0.3791471801830556,-0.228087194637025,-0.4594658284257087,-0.5910420733727749,2
365,Retail,Other,4692,6128,8025,1619,4515,3105,0.1038464238842203,-0.180566351799783,0.1387593502732426,-0.3148640049784172,0.6521952462450773,-0.3376221753347253,0
366,HoReCa,Other,9561,2217,1664,1173,222,447,-0.2413805831133604,-0.0994523607231417,-0.4018851901578191,-0.0764826736804701,-0.6356023470953595,-0.3243201528089331,2
367,HoReCa,Other,3477,894,534,1457,252,342,-0.2449562893188635,-0.1756570122694412,-0.4022843820433051,-0.1817765181668821,-0.526816005137954,-0.5306154986099321,2
368,HoReCa,Other,22335,1196,2406,2046,101,558,-0.2622927006430015,0.1644231229794446,-0.2760308998937725,0.3704988079767624,-0.6601864363766895,0.4468677298737663,1
369,HoReCa,Other,6211,337,683,1089,41,296,-0.2641235769423088,-0.1398194187362482,-0.4209044645327598,-0.1222430615630454,-0.5935250425258288,-0.435484683497355,2
370,Retail,Other,39679,3944,4955,1364,523,2235,-0.1041951872087732,0.4989644538562848,0.1650522049580288,0.6779861840154195,-0.2031632398323929,0.9260991686237974,3
371,HoReCa,Other,20105,1887,1939,8164,716,790,-0.2314890775833568,0.2745334149034351,-0.1495369157080776,0.4947923172017043,-0.5541130588192144,0.6389593069170737,1
372,HoReCa,Other,3884,3801,1641,876,397,4829,-0.1040245892096736,-0.0957321382960632,-0.0960332323145327,-0.0781366747854286,-0.1217489849772918,-0.1771738740765203,2
373,Retail,Other,15076,6257,7398,1504,1916,3113,-0.0265172359407602,0.0105147074475533,-0.0164184384482412,0.0223761057917149,0.1186755235851518,0.4760758663534382,2
374,HoReCa,Other,6338,2256,1668,1492,311,686,-0.2275553662991566,-0.1438931560026403,-0.3967268115418854,-0.1548425526895042,-0.5721769877713146,-0.469685940389641,2
375,HoReCa,Other,5841,1450,1162,597,476,70,-0.2329427474645345,-0.1678400593057774,-0.3918964469038706,-0.1769315612993674,-0.5111954695120762,-0.503471970268469,2
376,Retail,Other,3136,8630,13586,5641,4666,1426,0.2281237284473774,-0.1360970209671201,0.3495077102315736,-0.2520420315434838,0.8756532066049267,-0.0731467142566623,0
377,HoReCa,Other,38793,3154,2648,1034,96,1242,-0.1587115642277407,0.472133325706864,0.105661908471216,0.6733698564176093,-0.3213177753085317,0.8279596517900462,3
378,HoReCa,Other,3225,3294,1902,282,68,1114,-0.188833727085927,-0.2045281856601202,-0.3388598796612379,-0.254106337025081,-0.3791084614400017,-0.5934955578846274,2
379,Retail,Other,4048,5164,10391,130,813,179,-0.0191519862681867,-0.237598256036834,-0.0787982690928922,-0.3549179198824443,0.1489772949293835,-0.6221153874050598,2
380,HoReCa,Other,28257,944,2146,3881,600,270,-0.2465593284595991,0.3200836008749904,-0.1369901441487347,0.5755076782882421,-0.5598441406748547,0.699468318722617,1
381,HoReCa,Other,17770,4591,1617,9927,246,532,-0.192861269565362,0.2802117359525263,-0.0671323800790714,0.4700859345138737,-0.4241834181487257,0.5878263142571643,1
382,HoReCa,Other,34454,7435,8469,2540,1711,2893,-0.0003546210116814,0.4172712797188431,0.2106344723700509,0.5755025593158941,0.0677186000818616,1.0543026925543404,3
383,HoReCa,Other,1821,1364,3450,4006,397,361,-0.2023521241276689,-0.1601642543007551,-0.3374181001843757,-0.167658175791599,-0.4480271579448587,-0.5034970290018204,2
384,HoReCa,Other,10683,21858,15400,3635,282,5120,0.3887285656759155,0.1293512068598582,0.4887169240956617,0.1296545106429765,0.7151098117570308,0.4082085070402825,4
385,HoReCa,Other,11635,922,1614,2583,192,1068,-0.266842887009328,-0.0223003441004779,-0.4097079452730502,0.0576969190417356,-0.7717294534576523,-0.0874385479219812,2
386,HoReCa,Other,1206,3620,2857,1945,353,967,-0.1675456644371028,-0.2124925251801036,-0.3149684378133803,-0.2757043848550843,-0.3371912720062105,-0.6513574174553882,2
387,HoReCa,Other,20918,1916,1573,1960,231,961,-0.259633485037168,0.1386411293910603,-0.2966804485710689,0.3281900653322788,-0.6863766449919851,0.417251867243912,1
388,HoReCa,Other,9785,848,1172,1677,200,406,-0.2672654873750733,-0.0786576486493694,-0.4241081905369756,-0.0308101119496863,-0.6881551904798361,-0.2713719938265636,2
389,HoReCa,Other,9385,1530,1422,3019,227,684,-0.259552244505794,-0.057697609816203,-0.4141783570123773,-0.0032910108538856,-0.7359648920774758,-0.2159566383987079,2
390,HoReCa,Other,3352,1181,1328,5502,311,1000,-0.2335800266225648,-0.0817315381603316,-0.3368588745555417,-0.0311556962870698,-0.5396332180177547,-0.2874327278114342,2
391,HoReCa,Other,2647,2761,2313,907,95,1827,-0.1837390898999315,-0.1925409343107974,-0.3255809984953704,-0.2383196337266046,-0.3745097703729925,-0.5610965457884848,2
392,HoReCa,Other,518,4180,3600,659,122,654,-0.1450314698002153,-0.2471436774688474,-0.2803743022093573,-0.3261562230177067,-0.2352237661386673,-0.7004494644655945,2
393,HoReCa,Other,23632,6730,3842,8620,385,819,-0.1430455490321096,0.3481289884423568,0.0063621958615575,0.5473971267024296,-0.3069923447825502,0.8598834246874962,1
394,HoReCa,Other,12377,865,3204,1398,149,452,-0.2494567061868571,-0.0472273964511863,-0.3922310303649955,0.0162142339752945,-0.686263378437394,-0.1488409682118526,2
395,HoReCa,Other,9602,1316,1263,2921,841,290,-0.2519455925291297,-0.0657259199564698,-0.404674211968871,-0.015727406373496,-0.7004706802166852,-0.2381395067049767,2
396,Retail,Other,4515,11991,9345,2644,3378,2213,0.1858413877947999,-0.1586181262921229,0.2785730210904918,-0.2924606118806628,0.8477254553506053,-0.1614752145939536,0
397,HoReCa,Other,11535,1666,1428,6838,64,743,-0.2583212358607977,0.0853188712388041,-0.3034758342533528,0.2334316097965611,-0.6657485126168416,0.1873543479194495,1
398,HoReCa,Other,11442,1032,582,5390,74,247,-0.2832593683100663,0.041954366058313,-0.3697651997401875,0.1724525530548971,-0.7348507557246619,0.0496617982494861,1
399,HoReCa,Other,9612,577,935,1601,469,375,-0.265786330832935,-0.0841825095840781,-0.4217411932761909,-0.0388311516718108,-0.6732966923213075,-0.2862245511698411,2
400,HoReCa,Other,4446,906,1238,3576,153,1014,-0.2484783374130311,-0.1136517940526892,-0.3961124399168775,-0.0902063312628374,-0.6058255316683693,-0.3839056429373952,2
401,HoReCa,Other,27167,2801,2128,13223,92,1902,-0.1311774160212982,0.5403795886460948,0.1745746893850276,0.6272201390406886,-0.3200043017583246,0.8385421348222315,3
402,HoReCa,Other,26539,4753,5091,220,10,340,-0.1669013681519401,0.1974646251206442,-0.0990698455142203,0.3900650791391792,-0.3367409664094061,0.5709911012063273,1
403,HoReCa,Other,25606,11006,4604,127,632,288,-0.0505012390224453,0.1727016362822897,0.0601418165613871,0.2946910059990129,-0.0102345115264886,0.5751302867974158,1
404,HoReCa,Other,18073,4613,3444,4324,914,715,-0.1931510883271995,0.1159864978231487,-0.2374337018195745,0.2656861368195503,-0.6548229529763283,0.5727894385723394,1
405,HoReCa,Other,6884,1046,1167,2069,593,378,-0.2482778222564354,-0.1231768016101756,-0.4137578499250277,-0.109066078305903,-0.6209689456012388,-0.4091018369683171,2
406,HoReCa,Other,25066,5010,5026,9806,1092,960,-0.1240550849123644,0.4001916415875525,0.0618786638276206,0.5906116900872386,-0.2577653827469747,0.8996625578054168,3
407,Retail,Other,7362,12844,18683,2854,7883,553,0.5077540033498021,-0.1180112738948937,0.7199105183608602,-0.2356484996722522,1.1270125626033602,0.098986311559509,4
408,Retail,Other,8257,3880,6407,1646,2730,344,-0.0785790385614778,-0.1609849312543934,-0.1809942021419916,-0.2451763591976913,-0.1542679092730562,-0.622373437438675,2
409,HoReCa,Other,8708,3634,6100,2349,2123,5137,-0.0191788999905151,-0.0193767304317378,0.023853179572381,-0.0079485804615069,0.1022039605110517,0.1385836686007988,2
410,HoReCa,Other,6633,2096,4563,1389,1860,1892,-0.1373208513109084,-0.1532567720766577,-0.2689968115468293,-0.2086445580852186,-0.3522852930779527,-0.513219106380676,2
411,HoReCa,Other,2126,3289,3281,1535,235,4365,-0.104909026345672,-0.1275747669229943,-0.1252767386806382,-0.1303668294500456,-0.1230207949990088,-0.2683752243029379,2
412,HoReCa,Other,97,3605,12400,98,2970,62,0.0781627836028436,-0.3009980864743861,0.0783326151882974,-0.443227884828663,0.3973492161821375,-0.6907510512278509,0
413,HoReCa,Other,4983,4859,6633,17866,912,2435,0.0471967125470664,0.3246657991308113,0.2906336699035087,0.3621936975453438,0.0069680683851029,0.3947042083273859,3
414,HoReCa,Other,5969,1990,3417,5679,1135,290,-0.1961067733595381,-0.0669152839738905,-0.2999335395254733,-0.0238076436375929,-0.5012355105234049,-0.2236936419555632,2
415,Retail,Other,7842,6046,8552,1691,3540,1874,0.0433123316757379,-0.157401292950099,0.0330691325002335,-0.2882393510508849,0.6795503417737886,-0.5639105878835692,0
416,Retail,Other,4389,10940,10908,848,6728,993,0.3109423238826084,-0.2243696396025596,0.4647424797245151,-0.3963302091577828,1.010994654594456,-0.269354235107778,0
417,HoReCa,Other,5065,5499,11055,364,3485,1063,0.087651068020579,-0.2363004293163262,0.0956120394995301,-0.4065197452033571,0.6126212294604697,-0.6264396437730324,0
418,Retail,Other,660,8494,18622,133,6740,776,0.4230334524293379,-0.2628086537798909,0.6089350123452213,-0.3979627597846604,1.0087233984149335,-0.3142118745526115,0
419,HoReCa,Other,8861,3783,2223,633,1580,1521,-0.1618798420314703,-0.1294773695142354,-0.2986250080945297,-0.1607359582231598,-0.4328552388072768,-0.406632369765543,2
420,HoReCa,Other,4456,5266,13227,25,6818,1393,0.2579690630821254,-0.2438077412175945,0.3841667956115902,-0.4127637455864854,0.8873421107648833,-0.3590959151677764,0
421,Retail,Other,17063,4847,9053,1031,3415,1784,0.001617462972984,-0.0040766298294483,0.0189612852869996,-0.0053161738163632,0.276253527881105,0.5065622216036403,2
422,HoReCa,Other,26400,1377,4172,830,948,1218,-0.2001079746487429,0.2166255830821316,-0.1443280524915828,0.4321652690768713,-0.4446824981858612,0.609719035821285,1
423,Retail,Other,17565,3686,4657,1059,1803,668,-0.1544860194492365,0.0162382421837361,-0.2255544744778768,0.0935275215480247,-0.4760132687037941,0.2494545849105562,1
424,Retail,Other,16980,2884,12232,874,3213,249,0.0062998193770406,-0.0272327895515613,0.0320030617693474,-0.0287209039796858,0.2106927261975555,0.2340848431817508,2
425,HoReCa,Other,11243,2408,2593,15348,108,1886,-0.096359902835125,0.3458381820028369,0.1666817515460249,0.4403412784043098,-0.2360236723856324,0.4647932907298592,1
426,HoReCa,Other,13134,9347,14316,3141,5079,1894,0.251013557191609,-0.0372292696751804,0.4101264208195113,-0.1459469453694212,1.1326647452831993,0.4523412923440141,0
427,HoReCa,Other,31012,16687,5429,15082,439,1163,0.1220240685835658,0.5770307506101837,0.3666327964631897,0.4480885615710102,0.1112196961192342,0.8918099341426838,3
428,HoReCa,Other,3047,5970,4910,2198,850,317,-0.1037810927558231,-0.2057076818541911,-0.221186150487181,-0.2955028615234896,-0.1633340662207391,-0.6639662017023679,2
429,HoReCa,Other,8607,1750,3580,47,84,2501,-0.1883499113419745,-0.1079211193860748,-0.3018134375035473,-0.1045348891460584,-0.4240949937786321,-0.2736723663265648,2
430,HoReCa,Other,3097,4230,16483,575,241,2080,0.0852766549459616,-0.1977771313613124,0.1214606351171812,-0.2808561280873209,0.4063120651166309,-0.3293434207861326,0
431,HoReCa,Other,8533,5506,5160,13486,1377,1498,-0.0434056646664307,0.229499361001752,0.1362179144823028,0.3484916300336839,-0.0663201419149471,0.4082808973311826,1
432,HoReCa,Other,21117,1162,4754,269,1328,395,-0.195457983968171,0.0807389351940936,-0.2240988221409449,0.2251026316239644,-0.4622008755276751,0.3097716914226626,1
433,HoReCa,Other,1982,3218,1493,1541,356,1449,-0.1871200243287452,-0.1964855450886014,-0.3348631616928784,-0.2439740158750397,-0.3893828625415421,-0.5905524722844293,2
434,HoReCa,Other,16731,3922,7994,688,2371,838,-0.0753208605033543,-0.0202508456366811,-0.1137220783599682,0.0020127808660369,-0.1422984501163958,0.2306426540945404,2
435,HoReCa,Other,29703,12051,16027,13135,182,2204,0.1609647554224297,0.5338406283087379,0.3761623314298115,0.4667789087717405,0.251199647074305,0.9703442636368788,3
436,HoReCa,Other,39228,1431,764,4510,93,2346,-0.1809321962966523,0.5704327940055632,0.1302310213703465,0.7451105238303112,-0.4001704087859908,0.9319810019193498,3
437,Retail,Other,14531,15488,30243,437,14841,1867,0.8306305443109365,0.1044098615388685,0.7207467524010444,0.1224001013605155,1.1354324092019197,0.3062525759811333,4
438,HoReCa,Other,10290,1981,2232,1038,168,2125,-0.221277803129429,-0.066882777530733,-0.3520036077123484,-0.0339088276242841,-0.5946608317701932,-0.1799082157149277,2
439,HoReCa,Other,2787,1698,2510,65,477,52,-0.1947531896591522,-0.2249000649235855,-0.343427170289123,-0.2682870154449541,-0.3702887263211463,-0.6312233940849092,2
