,Channel,Region,Fresh,Milk,Grocery,Frozen,Detergents_Paper,Delicatessen,x_kpca_rbf,y_kpca_rbf,x_kpca_poly,y_kpca_poly,x_kpca_cos,y_kpca_cos
0,Retail,Other,12669,9656,7561,214,2674,1338,0.05287367851390593,-0.09570202833393933,0.07837370589555134,-0.17311460364284062,0.5047893015158403,0.009622306647377819
1,Retail,Other,7057,9810,9568,1762,3293,1776,0.1296461840164294,-0.16045812129786993,0.18581254641290798,-0.3074147140645972,0.8899412223120093,-0.26283294632794385
2,Retail,Other,6353,8808,7684,2405,3516,7844,0.2102053726966705,0.04844604646265623,0.3417015381326229,0.07504775170557676,0.47399405412671725,0.23568683324586595
3,HoReCa,Other,13265,1196,4221,6404,507,1788,-0.21624322605827734,0.10516496683103894,-0.2533035236583454,0.25035242631907617,-0.6186114271241641,0.3701305442802817
4,Retail,Other,22615,5410,7198,3915,1777,5185,-0.011687374284495095,0.2654316269575649,0.13661671368898667,0.37527923546027714,0.06889953794312592,0.8618293827365119
5,Retail,Other,9413,8259,5126,666,1795,1451,-0.036466297361146524,-0.1328454886814096,-0.08895330433843453,-0.21226471169213584,0.10295629527946532,-0.33045648010926537
6,Retail,Other,12126,3199,6975,480,3140,545,-0.06971559322032471,-0.11732621082881503,-0.14353041259380867,-0.16630589319905745,-0.09216796241777604,-0.2898919276536128
7,Retail,Other,7579,4956,9426,1669,3321,2566,0.043759443842918584,-0.14661913883939395,0.04089698583784364,-0.2627155987279702,0.5540934639173397,-0.3475508620366147
8,HoReCa,Other,5963,3648,6192,425,1716,750,-0.09675019886902227,-0.2050602908981756,-0.22048402954290294,-0.3051577883697474,-0.15578901423447675,-0.6896927304727347
9,Retail,Other,6006,11093,18881,1159,7425,2098,0.49366857218997817,-0.15555600801111807,0.7089688368462721,-0.2911925018216326,1.1648509491774433,0.023746724906467856
10,Retail,Other,3366,5403,12974,4400,5977,1744,0.21067780901882707,-0.1696435955528316,0.31974064092419574,-0.3065245780476246,0.8649020932926696,-0.1928630625234259
11,Retail,Other,13146,1124,4523,1420,549,497,-0.22150693569650948,-0.04301981096108618,-0.3554518255692503,0.013874803248532066,-0.6524416952788548,-0.10638673171860977
12,Retail,Other,31714,12319,11757,287,3881,2931,0.2047987318660783,0.2930467306242139,0.38544654450739385,0.335728836680736,0.5189256754099237,0.8891844129165526
13,Retail,Other,21217,6208,14982,3095,6707,602,0.2249237128229279,0.08412699715331322,0.3895006007283214,0.05937381327534842,0.7459587900333249,0.6652437528164215
14,Retail,Other,24653,9465,12091,294,5058,2168,0.19615395161835392,0.13023054987066857,0.35551116657293425,0.1442177849516534,0.6716997036238871,0.7605400813714226
15,HoReCa,Other,10253,1114,3821,397,964,412,-0.2060461349804701,-0.11610486588018872,-0.3543552000608613,-0.11021859390248877,-0.5245171920456189,-0.3477885584442488
16,Retail,Other,1020,8816,12121,134,4508,1080,0.22748280410347488,-0.2846927365653204,0.32263564498743097,-0.472218997711166,0.8519358136546632,-0.5460352667323772
17,HoReCa,Other,5876,6157,2933,839,370,4478,-0.07176423537634738,-0.08755038735669998,-0.07000249896230819,-0.09035047264311893,-0.03322029329664669,-0.11493113644620075
18,Retail,Other,18601,6327,10099,2205,2767,3181,0.039925904486973036,0.08402689619844286,0.11654191916216314,0.1178531247600943,0.3876603752214007,0.8429922154646659
19,HoReCa,Other,7780,2495,9464,669,2518,501,-0.04484567184704739,-0.18519562960453717,-0.12022755406904677,-0.28354820077109333,0.044765436443674096,-0.552769950392241
20,Retail,Other,17546,4519,4602,1066,2259,2124,-0.11095404619357678,0.033446974836404034,-0.14690021076745424,0.0995711389693874,-0.30752089028589896,0.44318830528889197
21,HoReCa,Other,5567,871,2010,3383,375,569,-0.2435317728056087,-0.1131100670948573,-0.3995107138663481,-0.09264082017742081,-0.6188073618880083,-0.3876127760478735
22,HoReCa,Other,31276,1917,4469,9408,2381,4334,-0.06805144353149045,0.5381913850229701,0.20435998773200156,0.6356359259636721,-0.1560043348914214,1.005037085312467
23,Retail,Other,26373,36423,22019,5154,4337,16523,0.4514279462992258,0.4340437448097883,0.3902661572691502,0.2569496025734213,0.7065213342862834,0.6250312465235663
24,Retail,Other,22647,9776,13792,2915,4482,5778,0.26356482638519274,0.22849832866870184,0.42781654073334724,0.22478368660722794,0.6516647402081205,0.8093177360160555
25,Retail,Other,16165,4230,7595,201,4003,57,-0.023400880290824388,-0.05949553065770298,-0.03163512873405429,-0.07255095160998645,0.11452974129428212,0.06812692646640439
26,HoReCa,Other,9898,961,2861,3151,242,833,-0.24970476690457302,-0.04868561676100586,-0.4001406036273938,0.008535414697348477,-0.7423357127810755,-0.1765751160825625
27,HoReCa,Other,14276,803,3045,485,100,518,-0.2491491000458861,-0.027513499020590113,-0.37005251264551275,0.053917919214034896,-0.6391505057184967,-0.07438347274703089
28,Retail,Other,4113,20484,25957,1158,8604,5206,0.7542725293909498,0.04020315600901907,0.7016207368605811,0.07310145750804069,1.1249453280505726,0.2130374858337625
29,HoReCa,Other,43088,2100,2609,1200,1107,823,-0.12638479479376705,0.5346064697582528,0.18268354738980783,0.681484044591124,-0.276492610224019,0.8502143237539167
30,HoReCa,Other,18815,3610,11107,1148,2134,2963,-0.007407037413694919,0.06725798705065156,0.04311921712672548,0.11745335924201536,0.1649308331734674,0.6234542505990078
31,HoReCa,Other,2612,4339,3133,2088,820,985,-0.14954951184126358,-0.19973477021747035,-0.29478662624567464,-0.2721066923785621,-0.320283227744894,-0.65436152009101
32,HoReCa,Other,21632,1318,2886,266,918,405,-0.22685196768119797,0.10124602462623566,-0.2515720524686857,0.2660610840718828,-0.5331976714561585,0.30969511350508777
33,HoReCa,Other,29729,4786,7326,6130,361,1083,-0.1282850581623544,0.3998990975053439,0.04182350289076448,0.626332710568475,-0.2657127763492748,1.016017675868507
34,HoReCa,Other,1502,1979,2262,425,483,395,-0.18919553651563364,-0.2338404951337585,-0.3395076127492348,-0.28598298885766166,-0.3553345601724847,-0.6617378578423454
35,Retail,Other,688,5491,11091,833,4239,436,0.12567680076707383,-0.29264895923809575,0.15318548998698003,-0.4720462749746824,0.6000385488030902,-0.6994720898570786
36,HoReCa,Other,29955,4362,5428,1729,862,4626,-0.07490778440677764,0.35872505699860757,0.11579078334966601,0.5158516314924024,-0.10896559076293615,0.8729278267080993
37,Retail,Other,15168,10556,12477,1920,6506,714,0.27790105664896625,-0.04514595628102558,0.4474462104001663,-0.1505560759794118,1.011085471493387,0.3545071689871444
38,Retail,Other,4591,15729,16709,33,6956,433,0.5088895400207489,-0.17992972966704684,0.6931422223897346,-0.2710746455693035,1.066999096572845,-0.086689726051108
39,HoReCa,Other,56159,555,902,10002,212,2916,0.0011534773885991953,0.8220882021752697,0.38129056315361065,0.5589487619332957,-0.26581608977093246,1.052055768848105
40,HoReCa,Other,24025,4332,4757,9510,1145,5864,-0.03223995554838131,0.4461745338424915,0.21152963142588127,0.515850156728605,-0.07066330438117994,0.8768592401126596
41,HoReCa,Other,19176,3065,5956,2033,2575,2802,-0.09802047435051135,0.096327570383587,-0.09230035545523299,0.19668690026864935,-0.2267615344055902,0.6812704745370014
42,Retail,Other,10850,7555,14961,188,6899,46,0.29889717776416963,-0.1573763642604778,0.4630010122647914,-0.2927065312654562,0.9339095988837426,-0.041495931034714356
43,Retail,Other,630,11095,23998,787,9529,72,0.6333539368942155,-0.18079964350409658,0.7874656499758459,-0.20601239875751112,1.0782110305381698,-0.1264071613347102
44,Retail,Other,9670,7027,10471,541,4618,65,0.11821939187426712,-0.1763370985665657,0.16846143696562313,-0.316067426755096,0.6993504189316263,-0.3014026813903077
45,Retail,Other,5181,22044,21531,1740,7353,4985,0.6897964496445715,0.03594302634917998,0.6868279055313025,0.053047797260248476,1.083771145978029,0.23881263381467752
46,Retail,Other,3103,14069,21955,1668,6792,1452,0.5735478600785705,-0.15203914947613267,0.7630314684360971,-0.23766436946537123,1.13625408372397,-0.007844312938151635
47,Retail,Other,44466,54259,55571,7782,24171,6465,0.434945325630262,0.4415408749362437,0.39027272891473047,0.2579669885514342,1.0468195374740166,0.6355703661769259
48,Retail,Other,11519,6152,10868,584,5121,1476,0.13561872349870388,-0.13176945434573722,0.20654515531327805,-0.2600170566936904,0.8848206201740578,-0.06628411696761541
49,Retail,Other,4967,21412,28921,1798,13583,1163,0.8621295544651945,0.0605727961283939,0.7289714387313021,0.11588236817646168,1.1659077580747392,0.16553202774555253
50,HoReCa,Other,6269,1095,1980,3860,609,2162,-0.22105886892878052,-0.07080960169479118,-0.3430795910530942,-0.03597334791617278,-0.5820706110905141,-0.2261973041128457
51,HoReCa,Other,3347,4051,6996,239,1538,301,-0.07204337365611016,-0.24879079560415732,-0.1808690502894265,-0.3679504169323376,-0.028722944939419775,-0.7430876992955522
52,Retail,Other,40721,3916,5876,532,2587,1278,-0.052117528573165074,0.46849898312245924,0.2038552173913669,0.6261716702573181,-0.08674957266417098,0.8909028791210403
53,Retail,Other,491,10473,11532,744,5611,224,0.2789470212329287,-0.281019265186206,0.403949333133273,-0.44913213591233503,0.8740988275952073,-0.47584878530964064
54,HoReCa,Other,27329,1449,1947,2436,204,1333,-0.24526307257678473,0.286008111170812,-0.162629922946002,0.536716972297852,-0.5661236177888774,0.6849596429801801
55,HoReCa,Other,5264,3683,5005,1057,2024,1130,-0.10371286656973502,-0.19973664295373048,-0.23365873481870802,-0.29885888350892204,-0.20194242985976474,-0.721025598211594
56,Retail,Other,4098,29892,26866,2616,17740,1340,0.8391977821271885,0.2042963808710113,0.54263980382642,0.23277421501496776,1.1345482302711059,0.20080584685527636
57,Retail,Other,5417,9933,10487,38,7572,1282,0.31854221346186706,-0.22071311812153138,0.4746777128635699,-0.3834965416127781,0.990674583048006,-0.2410497362731371
58,HoReCa,Other,13779,1970,1648,596,227,436,-0.2501364703788843,-0.03512437087032119,-0.3782829305730563,0.03896555000533206,-0.6503694520222102,-0.10235035203594324
59,HoReCa,Other,6137,5360,8040,129,3084,1603,0.018968371895104814,-0.21248886497021405,-0.02202293375379344,-0.3573458414066495,0.37312130869020854,-0.6586893364667846
60,Retail,Other,8590,3045,7854,96,4095,225,-0.011511233389875551,-0.1927538496606906,-0.05983051989665677,-0.29868814403366745,0.1794932623136868,-0.5060044485503938
61,Retail,Other,35942,38369,59598,3254,26701,2017,0.5104345084293169,0.4434218772621709,0.39299139703675956,0.25962039045666263,1.096396168156771,0.5179666938410352
62,Retail,Other,7823,6245,6544,4154,4074,964,0.009010223963096878,-0.1133137786238185,-0.009699948119070758,-0.19621106885775422,0.3534299733656377,-0.3086495975566462
63,Retail,Other,9396,11601,15775,2896,7677,1295,0.4270871287557402,-0.10071273995323149,0.640191870600562,-0.2409979989295627,1.155806895392095,0.17863504925210566
64,HoReCa,Other,4760,1227,3250,3724,1247,1145,-0.1948994913015229,-0.1272040065495642,-0.3396877340483363,-0.13477912051815089,-0.5182627933852388,-0.43222666163553697
65,Retail,Other,85,20959,45828,36,24231,1423,0.7539503554469699,0.3101013874055398,0.44103586711671056,0.26167361959169844,1.1483957385883077,0.13524693209006564
66,HoReCa,Other,9,1534,7417,175,3468,27,-0.025740851286434104,-0.29706174231487487,-0.09322374084289005,-0.41307713761200343,0.1062588671903031,-0.7534036783570165
67,Retail,Other,19913,6759,13462,1256,5141,834,0.16258880751479957,0.028913676779727924,0.29240464167051344,0.00012687407189328857,0.7219711661891853,0.57781759849562
68,HoReCa,Other,2446,7260,3993,5870,788,3095,-0.05972027434477839,-0.06749093294707526,-0.05997070116971572,-0.06292199893640783,-0.01517272074014015,-0.09582649452127687
69,HoReCa,Other,8352,2820,1293,779,656,144,-0.2217294468127834,-0.1336712303111615,-0.3794441601753928,-0.13546815859725894,-0.5404623323910834,-0.41775175158718963
70,HoReCa,Other,16705,2037,3202,10643,116,1365,-0.19297475357562924,0.29274146748223673,-0.050606591322371886,0.4810257519427728,-0.42144743365695864,0.5814482961589554
71,HoReCa,Other,18291,1266,21042,5373,4173,14472,0.3614768718640653,0.393844530829971,0.399259755189395,0.2634750903712735,0.42844677839838097,0.5388427699211272
72,HoReCa,Other,4420,5139,2661,8872,1321,181,-0.1307165970681751,0.007139419616990981,-0.11135435138412841,0.09607355497591474,-0.2354513943970502,-0.0033438994733019888
73,Retail,Other,19899,5332,8713,8132,764,648,-0.09581084189636499,0.24528987711419598,0.0008987162689015926,0.4094083190417788,-0.18846182834152422,0.8126110518976687
74,Retail,Other,8190,6343,9794,1285,1901,1780,0.015635017771266843,-0.14957068311069774,-0.010720820028169918,-0.262440564367948,0.425095863972638,-0.45365346639421944
75,HoReCa,Other,20398,1137,3,4407,3,975,-0.2927946967282023,0.19668796820086593,-0.2988019728448939,0.4165342524963791,-0.7545245986949444,0.47757790413847306
76,HoReCa,Other,717,3587,6532,7530,529,894,-0.10781834227646647,-0.08298364178919923,-0.12822467153058562,-0.046547088106978315,-0.16476232815659414,-0.21796638427731946
77,Retail,Other,12205,12697,28540,869,12034,1009,0.7513010200440421,0.012606672707023406,0.7923752448833208,0.0076415899235874225,1.1206394962774133,0.24194671092944947
78,HoReCa,Other,10766,1175,2067,2096,301,167,-0.2574395111741396,-0.06207193703583338,-0.40984981655016234,-0.006883271270861714,-0.7004238678739123,-0.21788075684439456
79,HoReCa,Other,1640,3259,3655,868,1202,1653,-0.12795969270440227,-0.22974051094411618,-0.2610406538069766,-0.31847176755985007,-0.20982097097593036,-0.6871863036900917
80,HoReCa,Other,7005,829,3009,430,610,529,-0.2168706693463673,-0.15819009448044916,-0.3779155808867272,-0.1730841990779726,-0.5043193191568105,-0.48017273279404
81,Retail,Other,219,9540,14403,283,7818,156,0.3976279742424212,-0.2772839137719737,0.5725819154133496,-0.4145797417023828,0.9656659322700974,-0.3749778514272843
82,Retail,Other,10362,9232,11009,737,3537,2342,0.15562033900879202,-0.11935623137668785,0.24022639466350415,-0.2448420655760986,0.9380307119266688,0.022311778152917072
83,HoReCa,Other,20874,1563,1783,2320,550,772,-0.25765635832255984,0.1398862532396066,-0.29618269339744846,0.3308141844880722,-0.6908481647038799,0.4260821525637058
84,Retail,Other,11867,3327,4814,1178,3837,120,-0.0860399135778701,-0.1111709680109187,-0.16487728549520653,-0.14752191500710612,-0.15945036141570265,-0.27285492153587604
85,Retail,Other,16117,46197,92780,1026,40827,2944,0.37939781887327007,0.4217476697144812,0.38833667368322816,0.25626373495613247,1.1496273046754084,0.3385310835504959
86,Retail,Other,22925,73498,32114,987,20070,903,0.4049039217136693,0.4209787594450973,0.38843674479929285,0.25633930577869996,0.9724824531993256,0.3833676285205042
87,HoReCa,Other,43265,5025,8117,6312,1579,14351,0.2789329798705155,0.5687683065439961,0.39483034971194,0.2825635724817166,0.17714702976730026,0.8374567839151436
88,HoReCa,Other,7864,542,4042,9735,165,46,-0.20145112067562065,0.1014060187765873,-0.14163510995777073,0.24733068217591622,-0.4201080075104554,0.14159061626856836
89,HoReCa,Other,24904,3836,5330,3443,454,3178,-0.14695611533869785,0.2756174663879382,-0.0538576201327925,0.47794384547209195,-0.32951050112621466,0.9016782884608256
90,HoReCa,Other,11405,596,1638,3347,69,360,-0.2786526625861946,-0.013904429429952065,-0.4136609279751089,0.07913795302740614,-0.7648710686059701,-0.08585343388841227
91,HoReCa,Other,12754,2762,2530,8693,627,1117,-0.20459268240444772,0.15616091755812325,-0.17362761022052559,0.32250877373418224,-0.4874605703811686,0.39289849545876554
92,Retail,Other,9198,27472,32034,3232,18906,5130,0.8333454214028618,0.28111430149159866,0.5108182391595906,0.2552528225022177,1.1548350904369968,0.34036820400825085
93,HoReCa,Other,11314,3090,2062,35009,71,2698,0.2824341417452912,0.5047582272413778,0.3900350151310968,0.2639131765015504,-0.04139922301103593,0.5324876653575953
94,Retail,Other,5626,12220,11323,206,5038,244,0.2720800867303909,-0.21677829672043755,0.4048812679722288,-0.37052455235944076,0.902849102002835,-0.26788944357674616
95,HoReCa,Other,3,2920,6252,440,223,709,-0.11777952089035562,-0.2632076086518808,-0.24060060089851432,-0.3535239289116528,-0.15294248141700884,-0.7259523252920129
96,Retail,Other,23,2616,8118,145,3874,217,0.016819649058288123,-0.3038568881263291,-0.028894103489517983,-0.4430106441334656,0.2375636987341919,-0.7668978256775625
97,HoReCa,Other,403,254,610,774,54,63,-0.23290476518451578,-0.2200037043466412,-0.36414555189200826,-0.22878674663581602,-0.438479189490325,-0.6101071903197048
98,HoReCa,Other,503,112,778,895,56,132,-0.23396123301421656,-0.21704585925129483,-0.3674269063091252,-0.22596087671538315,-0.44474297540301533,-0.6054946701786983
99,HoReCa,Other,9658,2182,1909,5639,215,323,-0.2476301522037761,0.00802070443284526,-0.3449825426219667,0.10798564535391812,-0.6720002351437817,-0.01227837709486426
100,Retail,Other,11594,7779,12144,3252,8035,3029,0.30962136809841084,-0.04358065723892995,0.4811708315362791,-0.14905364291346054,1.0212350486524613,0.34200475720901696
101,Retail,Other,1420,10810,16267,1593,6766,1838,0.427407379558279,-0.2224780326197228,0.6231583558865993,-0.37777942194277003,1.1107038954484223,-0.19909247065607974
102,Retail,Other,2932,6459,7677,2561,4573,1386,0.0826856433382287,-0.22224091113867114,0.0890065892292742,-0.38479385363196406,0.6231288952200017,-0.6441470321122069
103,HoReCa,Other,56082,3504,8906,18028,1480,2498,0.15657822024412585,0.8031950337830328,0.40849070562391004,0.3960700673826256,-0.05579643972011031,1.0789826233293731
104,HoReCa,Other,14100,2132,3445,1336,1491,548,-0.20036291110339857,-0.03618950340397406,-0.32498847780732576,0.017460408486122177,-0.6290412356346764,-0.05669671931893614
105,HoReCa,Other,15587,1014,3970,910,139,1378,-0.23225288752279605,0.011321915828107048,-0.3355261292554218,0.10881062631909502,-0.6500958512772905,0.09097042990690453
106,Retail,Other,1454,6337,10704,133,6830,1831,0.24678919189927015,-0.27331735032138144,0.3559703986970573,-0.4454110428548869,0.8500377029836901,-0.4713498439595622
107,Retail,Other,8797,10646,14886,2471,8969,1438,0.44481873088107543,-0.11626432950307111,0.6569576061315466,-0.25306715061889945,1.1328766118030587,0.12548255234789193
108,Retail,Other,1531,8397,6981,247,2505,1236,0.05376210243417129,-0.2665473704773537,0.03254596291349813,-0.4257323949664454,0.41992451566106814,-0.6923183687253205
109,Retail,Other,1406,16729,28986,673,836,3,0.5044140636183124,-0.0840493687161528,0.5670440133693176,-0.02176429721600262,0.8466076744483273,-0.0329378435857662
110,HoReCa,Other,11818,1648,1694,2276,169,1647,-0.25063691336413557,-0.019802562050102994,-0.3856418282991101,0.053382087021747564,-0.7471941380562044,-0.05236900511489031
111,Retail,Other,12579,11114,17569,805,6457,1519,0.4075813766569814,-0.08602705042351448,0.6149712853516303,-0.21542501511716697,1.1266111371117138,0.23324827708271634
112,HoReCa,Other,19046,2770,2469,8853,483,2708,-0.18773946020497434,0.30302779208032754,-0.0658696226125343,0.5015456168575976,-0.42732050342881744,0.7242482326350227
113,HoReCa,Other,14438,2295,1733,3220,585,1561,-0.24212101885311815,0.04259139796724809,-0.34891183579487284,0.1564768840853582,-0.7945223177263407,0.1998376969486065
114,HoReCa,Other,18044,1080,2000,2555,118,1266,-0.2678732095799687,0.10016815048450904,-0.341147287616422,0.26519406187565775,-0.7609371665114105,0.32180489391163564
115,HoReCa,Other,11134,793,2988,2715,276,610,-0.25296654488710146,-0.040116766884597185,-0.4010285754637831,0.02562015989037832,-0.7446736549222278,-0.14250206546851646
116,HoReCa,Other,11173,2521,3355,1517,310,222,-0.22265548165073978,-0.07649634562976301,-0.3728441164416735,-0.04533140277986479,-0.6432933308950811,-0.24302371160667058
117,HoReCa,Other,6990,3880,5380,1647,319,1160,-0.1539050524791379,-0.14439015260448515,-0.2976324734428259,-0.19250409541862665,-0.4455800242829277,-0.5152476244213481
118,HoReCa,Other,20049,1891,2362,5343,411,933,-0.2514490006307343,0.19922464212100716,-0.2559813286399122,0.41359224029469527,-0.6971472467333839,0.5924811188205426
119,HoReCa,Other,8258,2344,2147,3896,266,635,-0.23827975472312674,-0.061931823282124716,-0.38485704625799483,-0.017045820057282817,-0.6973197868558391,-0.2287408143446554
120,HoReCa,Other,17160,1200,3412,2417,174,1136,-0.2493715842704665,0.07136644304221094,-0.3382159568239348,0.21355761823079442,-0.7517771197964326,0.2784161754866313
121,HoReCa,Other,4020,3234,1498,2395,264,255,-0.21381724276768696,-0.16409091805056922,-0.3725792335888263,-0.18563089819244374,-0.5004713871574354,-0.5266646762265578
122,HoReCa,Other,12212,201,245,1991,25,860,-0.2920182234685899,-0.016083334730064736,-0.42435483891612363,0.07877409271485145,-0.7554520510958849,-0.09267804919765997
123,Retail,Other,11170,10769,8814,2194,1976,143,0.05645790475706626,-0.08950180436705647,0.09054443614693229,-0.16089831311668942,0.45931301694706234,0.005875231508595364
124,HoReCa,Other,36050,1642,2961,4787,500,1621,-0.18456289328574543,0.5070191477599812,0.06833101231458263,0.7353255086402105,-0.3941619148470346,0.9411586573550241
125,HoReCa,Other,76237,3473,7102,16538,778,918,0.2260704099784063,0.773228426709065,0.4068230009577627,0.3174255981544434,-0.0984348279280446,1.0934505656951081
126,HoReCa,Other,19219,1840,1658,8195,349,483,-0.24422224506263512,0.25898094858476534,-0.16882061944967508,0.4750716088009591,-0.5803246006671852,0.5714711329502034
127,Retail,Other,21465,7243,10685,880,2386,2749,0.04992707875912439,0.10697728116052883,0.14505130547022496,0.1589749878026471,0.36824695837805255,0.7896823044663954
128,HoReCa,Other,140,8847,3823,142,1062,3,-0.033830672023199816,-0.26783947063434527,-0.09016179496558388,-0.36456277820426014,0.09424987307299905,-0.6576480425920512
129,HoReCa,Other,42312,926,1510,1718,410,1819,-0.15536621968086295,0.5523462486611448,0.16521177354728603,0.7019507615988395,-0.34441813859308545,0.8609681703287699
130,HoReCa,Other,7149,2428,699,6316,395,911,-0.23844093502111569,-0.0041765693770760125,-0.3181928187011845,0.0879120828346944,-0.5974332488235776,-0.059363164554183785
131,HoReCa,Other,2101,589,314,346,70,310,-0.238152912910091,-0.20587931624902026,-0.379024124874507,-0.2158708218497769,-0.4635785010345355,-0.5787137976395581
132,HoReCa,Other,14903,2032,2479,576,955,328,-0.22455448409449888,-0.027750066868456456,-0.34171939430071546,0.04547060965434444,-0.6021386610561439,-0.049941192020879085
133,HoReCa,Other,9434,1042,1235,436,256,396,-0.2529158472299519,-0.10894680371044523,-0.4060073391274108,-0.08040239432537254,-0.6026583826788329,-0.33901769288577094
134,HoReCa,Other,7388,1882,2174,720,47,537,-0.23177236419238956,-0.1409128159196985,-0.3963433707492266,-0.14462575969882988,-0.5606181849094807,-0.4407051920326436
135,HoReCa,Other,6300,1289,2591,1170,199,326,-0.2303398681292133,-0.15295641660549578,-0.39732774261838955,-0.16217998811174533,-0.5495345274104397,-0.4815972133534387
136,HoReCa,Other,4625,8579,7030,4575,2447,1542,0.02596210541759124,-0.1288970989257549,0.021893285183876066,-0.2159418420701769,0.3741944617519522,-0.2856755098802167
137,HoReCa,Other,3087,8080,8282,661,721,36,-0.006199399100457427,-0.2367435759723471,-0.05358515572264582,-0.35499016249635035,0.19258974877105103,-0.607783732240409
138,HoReCa,Other,13537,4257,5034,155,249,3271,-0.12701414053323412,-0.01519458701333754,-0.16553635977965092,0.023426381250421596,-0.25045509731565196,0.12383531051663235
139,HoReCa,Other,5387,4979,3343,825,637,929,-0.1474129484665287,-0.1846504748870702,-0.2905099077731142,-0.25377422418426665,-0.3261147138942428,-0.5968350946932289
140,HoReCa,Other,17623,4280,7305,2279,960,2616,-0.10815885478616767,0.07714576318792221,-0.12177803098212565,0.16569803317833623,-0.3123403321213218,0.6598433811338883
141,HoReCa,Other,30379,13252,5189,321,51,1450,0.002560092284410772,0.2918447484906805,0.185510012385197,0.40623128824456295,0.08226444234570202,0.7478100019184146
142,HoReCa,Other,37036,7152,8253,2995,20,3,-0.0690397456513294,0.4490114865836899,0.16751582885839342,0.6198053550109616,-0.1170838405711979,0.9194240321215172
143,HoReCa,Other,10405,1596,1096,8425,399,318,-0.2405309921351825,0.10764982976925432,-0.2282951952676471,0.26305044158218377,-0.5512430953970939,0.18826236614005248
144,HoReCa,Other,18827,3677,1988,118,516,201,-0.21816303295513098,0.042378193904881574,-0.2776535426398609,0.16401730974887313,-0.5274023981279824,0.1708198170267595
145,Retail,Other,22039,8384,34792,42,12591,4430,0.7117027383037547,0.19387878871745334,0.5947264081346477,0.17396911873125778,1.0061412291842273,0.46791038275625146
146,HoReCa,Other,7769,1936,2177,926,73,520,-0.23371390174038467,-0.13208689598313372,-0.3991324831147631,-0.13114476300919994,-0.5816546601821159,-0.4203172618249729
147,HoReCa,Other,9203,3373,2707,1286,1082,526,-0.19093341223102012,-0.12071828488289414,-0.3467442842458106,-0.13486305936731888,-0.5551952561024334,-0.40906123967553476
148,HoReCa,Other,5924,584,542,4052,283,434,-0.26717161274886714,-0.08273382804647704,-0.4047396308047309,-0.03107928919223464,-0.6515588861577454,-0.30337170976822625
149,HoReCa,Other,31812,1433,1651,800,113,1440,-0.22105020598316638,0.34361323725503035,-0.05783684899296523,0.5844110161095786,-0.4568291325623935,0.6874226156417553
150,HoReCa,Other,16225,1825,1765,853,170,1067,-0.25247482291851653,0.02369417593625972,-0.3546433394214767,0.13638816960781577,-0.6826989462934019,0.0968247807885945
151,HoReCa,Other,1289,3328,2022,531,255,1774,-0.1661412118669368,-0.21840630695376417,-0.29870115365415073,-0.27643536095532467,-0.29836122220817657,-0.612316041822165
152,HoReCa,Other,18840,1371,3135,3001,352,184,-0.25496163600025123,0.10531612095458871,-0.31788636739265785,0.27404579426174513,-0.7130002608573716,0.3351669128548733
153,HoReCa,Other,3463,9250,2368,779,302,1627,-0.07408215189113926,-0.1858346739337127,-0.1367535920753819,-0.25497388606505883,-0.025303640345422974,-0.45704851608208297
154,HoReCa,Other,622,55,137,75,7,8,-0.2355267878937701,-0.22272353023917005,-0.35613790579555177,-0.22435907972860564,-0.43265451822584805,-0.6052285187176735
155,Retail,Other,1989,10690,19460,233,11577,2153,0.6394889877457909,-0.16295194535591614,0.7953616515078538,-0.20293077559309647,1.1168132100034913,-0.06545597653389093
156,Retail,Other,3830,5291,14855,317,6694,3182,0.30789003798209896,-0.20540384373949575,0.45369090634178894,-0.34067754112255266,0.9241181923173327,-0.19372336360632214
157,HoReCa,Other,17773,1366,2474,3378,811,418,-0.25252009543937504,0.09301186653874802,-0.3282392887694636,0.2521208905947928,-0.7434035398348674,0.3187465706689179
158,Retail,Other,2861,6570,9618,930,4004,1682,0.11261349580263703,-0.24938535277080384,0.13432392884255726,-0.4319449574513769,0.7024510691760879,-0.6553976083360122
159,Retail,Other,355,7704,14682,398,8077,303,0.3788583554997641,-0.2784564843300872,0.5496668663183776,-0.4181542000132607,0.9403612623530482,-0.3856310799528033
160,Retail,Other,1725,3651,12822,824,4424,2157,0.14763469686971661,-0.2533347873848542,0.19940845321190728,-0.41234200288990897,0.6645231945565447,-0.5166508387141817
161,HoReCa,Other,12434,540,283,1092,3,2233,-0.2657951166363092,-0.010018494246887817,-0.3684526872469837,0.07720964736390672,-0.6581413302534364,-0.036135882066172666
162,HoReCa,Other,15177,2024,3810,2665,232,610,-0.2367457529698803,0.027001445018487003,-0.3504243069439397,0.13442713690519656,-0.7645751534462197,0.1432548606160352
163,Retail,Other,5531,15726,26870,2367,13726,446,0.8066400038840515,-0.004832837123561085,0.7894216944204896,0.029520644349003693,1.138811548565206,0.13238532456810548
164,Retail,Other,5224,7603,8584,2540,3674,238,0.06698255464284089,-0.19944886467023457,0.0689931821850394,-0.34702569134458267,0.5650524447037399,-0.5729601728157913
165,Retail,Other,15615,12653,19858,4425,7108,2379,0.48045101423076736,0.06197497706952748,0.6729730253882958,-0.027874939387895998,1.0918751309052657,0.5584449005239859
166,Retail,Other,4822,6721,9170,993,4973,3637,0.16477280010007317,-0.17567908802427284,0.24089310934810065,-0.3041651996597494,0.7468257192290533,-0.21471590804879415
167,HoReCa,Other,2926,3195,3268,405,1680,693,-0.13432419599706966,-0.23621918090716132,-0.27765704767529875,-0.32678668307864484,-0.23212997350560488,-0.7136260465230614
168,HoReCa,Other,5809,735,803,1393,79,429,-0.25807958985061796,-0.14237762458041978,-0.4201575719559417,-0.1317391897218725,-0.5933602969486717,-0.4486858678876735
169,HoReCa,Other,5414,717,2155,2399,69,750,-0.24551399783294273,-0.13203815460964757,-0.4097722021297639,-0.1243456329277617,-0.6058119883148259,-0.43483591170012015
170,Retail,Other,260,8675,13430,1116,7015,323,0.33201864437865564,-0.27822349273626035,0.48723240523957495,-0.44219298230636717,0.9371136427106037,-0.42375346809497827
171,Retail,Other,200,25862,19816,651,8773,6250,0.7167954260144809,0.07532405257398755,0.5923992699013442,0.1413922058211059,1.0458569457826592,0.15647799940167353
172,HoReCa,Other,955,5479,6536,333,2840,707,-0.00030823437207302046,-0.2849428328158387,-0.06706054380402111,-0.4412158744111227,0.22876085171766813,-0.8132785112588335
173,Retail,Other,514,7677,19805,937,9836,716,0.5303875640612612,-0.22224492498608261,0.7190963979951567,-0.2988829811507356,1.033470310204401,-0.20155389960843714
174,HoReCa,Other,286,1208,5241,2515,153,1442,-0.16420114516672332,-0.20441265130691028,-0.2943706794120722,-0.252014126561835,-0.31737100013397745,-0.5990677786968774
175,Retail,Other,2343,7845,11874,52,4196,1697,0.19479590574728856,-0.2649684175925974,0.2723417023751189,-0.4521558669606523,0.8394931227789241,-0.5293644010361322
176,HoReCa,Other,45640,6958,6536,7368,1532,230,-0.012224069855354994,0.6653760494521538,0.3102135041673314,0.6763598296580621,-0.08879035061261129,1.0591127672827367
177,HoReCa,Other,12759,7330,4533,1752,20,2631,-0.11110270207353103,-0.009576683723273376,-0.15279810966324028,0.016700804425632543,-0.25326687797049413,0.1892885154456857
178,HoReCa,Other,11002,7075,4945,1152,120,395,-0.12815000192951875,-0.09204722134103215,-0.22195267167867203,-0.10775353195881983,-0.31031924120271004,-0.21530961733714585
179,HoReCa,Other,3157,4888,2500,4477,273,2165,-0.1560402723786934,-0.10731700483740693,-0.24829625537478103,-0.11197676401885338,-0.3471762952873325,-0.31255534553378783
180,HoReCa,Other,12356,6036,8887,402,1382,2794,-0.013528877204285562,-0.06627437269605817,-0.021888134689832764,-0.10398787050332217,0.19686770367664475,0.08479873003159355
181,HoReCa,Other,112151,29627,18148,16745,4948,8550,0.36764511246858017,0.46955585956142076,0.38831461556374475,0.25630156501009677,0.3152045436812069,1.143980401689355
182,HoReCa,Other,694,8533,10518,443,6907,156,0.27079326616182514,-0.2893846721391547,0.3915930928740392,-0.45288842607664276,0.8311824882809428,-0.49936795757735414
183,HoReCa,Other,36847,43950,20170,36534,239,47943,0.3635000239512358,0.40865691298175744,0.3881998035138974,0.2561385684770071,0.4167311489295666,0.6588168363489142
184,HoReCa,Other,327,918,4710,74,334,11,-0.16509969112234055,-0.25727356081465386,-0.2940053286966312,-0.31049338726028014,-0.2718517589101312,-0.6862967657639929
185,HoReCa,Other,8170,6448,1139,2181,58,247,-0.18948926806678928,-0.10382623035757782,-0.3132298874445182,-0.10348108526814406,-0.4720819097691624,-0.3129067705932396
186,HoReCa,Other,3009,521,854,3470,949,727,-0.23318718614510894,-0.14479592672657315,-0.3772729060775654,-0.13698342092036214,-0.531560346149201,-0.4634337143399053
187,HoReCa,Other,2438,8002,9819,6269,3459,3,0.09081437808833888,-0.13892524000274023,0.13877582408038697,-0.20776928757393762,0.4510053655644425,-0.22498697399627537
188,Retail,Other,8040,7639,11687,2758,6839,404,0.23545319743553614,-0.15789627860476485,0.3673561639173331,-0.30941733735075794,0.9625526445008293,-0.1046044103947398
189,Retail,Other,834,11577,11522,275,4027,1856,0.26252902594849237,-0.256459425362234,0.3770436590752794,-0.4185381093110789,0.8890651223597421,-0.40806203373128747
190,HoReCa,Other,16936,6250,1981,7332,118,64,-0.19492780487327077,0.18270712944252268,-0.15615954702350873,0.35354819235948803,-0.47093069997703474,0.5091314064620936
191,HoReCa,Other,13624,295,1381,890,43,84,-0.2779698978024315,-0.025999576335082555,-0.39887281433396726,0.06623095846740633,-0.6786307136761249,-0.10904454061333135
192,HoReCa,Other,5509,1461,2251,547,187,409,-0.22396608339484816,-0.17343459102411204,-0.3873001394851869,-0.19318298864178932,-0.49940555829453986,-0.5229350079881544
193,Retail,Other,180,3485,20292,959,5618,666,0.3191504916849169,-0.254036672820351,0.4618749665084133,-0.35366925789540044,0.7968536434099989,-0.34685979333510075
194,HoReCa,Other,7107,1012,2974,806,355,1142,-0.22010328401624885,-0.14134859788743992,-0.382105736730725,-0.15120207483643064,-0.5439638783247042,-0.4407065175644156
195,HoReCa,Other,17023,5139,5230,7888,330,1755,-0.14924270730598646,0.21238532372835567,-0.09205758470871357,0.38445951088219027,-0.36785369312754246,0.7252004611811523
196,HoReCa,Lisbon,30624,7209,4897,18711,763,2876,0.06741089288962544,0.6497674610215601,0.3623503858158113,0.4739395532648162,-0.054529979623747796,0.8890435523339487
197,Retail,Lisbon,2427,7097,10391,1127,4314,1468,0.14659793615820935,-0.25531820769165103,0.19270487994514826,-0.4451111012762359,0.7896697995948206,-0.6198985665561714
198,HoReCa,Lisbon,11686,2154,6824,3527,592,697,-0.17747312105084434,-0.030477332764541207,-0.2911484181274307,0.013393887601180161,-0.6570585793602718,-0.026543350787017254
199,HoReCa,Lisbon,9670,2280,2112,520,402,347,-0.22678160587402452,-0.1146659140177023,-0.3825170693563432,-0.10321657793792122,-0.5709611760597479,-0.3553995446716467
200,Retail,Lisbon,3067,13240,23127,3941,9959,731,0.656064794214806,-0.09819954167922462,0.8048675789894467,-0.1416709838022659,1.1243899280392238,0.06766620308663239
201,Retail,Lisbon,4484,14399,24708,3549,14235,1681,0.7902020014329169,-0.005465274952808796,0.7933232157910516,0.01563624734539766,1.1428327809286283,0.1543941542202255
202,HoReCa,Lisbon,25203,11487,9490,5065,284,6854,0.1311742528838654,0.37837244755508914,0.33340786024608293,0.3837545277653367,0.27636483411156837,0.8531833378937855
203,HoReCa,Lisbon,583,685,2216,469,954,18,-0.18960388027528255,-0.24472495914901557,-0.3276589866468184,-0.28628597965631175,-0.3390089662318433,-0.6694526312313406
204,HoReCa,Lisbon,1956,891,5226,1383,5,1328,-0.17670216207679504,-0.20429487747827368,-0.31921519557220696,-0.2532410824364383,-0.35561628681630725,-0.5964675471590705
205,Retail,Lisbon,1107,11711,23596,955,9265,710,0.6368037832465028,-0.1748938829179555,0.8036887181868525,-0.21859328560352706,1.1128785402030439,-0.09412052430901513
206,HoReCa,Lisbon,6373,780,950,878,288,285,-0.25081716160022766,-0.14784620329822074,-0.41125855734377526,-0.1410578293190268,-0.5681218183581828,-0.4553509207811655
207,Retail,Lisbon,2541,4737,6089,2946,5316,120,0.03931653051608332,-0.22894654481612528,0.023148151430315088,-0.3560255056172219,0.33743416735888776,-0.5994123402658551
208,HoReCa,Lisbon,1537,3748,5838,1859,3381,806,-0.035320276344702285,-0.2514928937553568,-0.12174651939146612,-0.38682960313280246,0.09936613299069616,-0.7978317747787168
209,Retail,Lisbon,5550,12729,16767,864,12420,797,0.6287061557789342,-0.12690607688885333,0.7807516033216435,-0.16776342743272835,1.0912672020760852,0.009986998548039847
210,HoReCa,Lisbon,18567,1895,1393,1801,244,2100,-0.2474080202503045,0.10617569359258262,-0.2984211934513087,0.26438603715793746,-0.6723250657573939,0.36605701731772866
211,Retail,Lisbon,12119,28326,39694,4736,19410,2870,0.8134590296018916,0.3231521105120285,0.48259727913377265,0.264827699477721,1.1532353989880129,0.36923378996975104
212,HoReCa,Lisbon,7291,1012,2062,1291,240,1775,-0.23030932651001385,-0.1144994092828589,-0.3817971574398349,-0.1060297117621689,-0.5796759948851282,-0.3550537466547167
213,HoReCa,Lisbon,3317,6602,6861,1329,3961,1215,0.051315528608699805,-0.2400963392589541,0.028266839487388697,-0.406953093257793,0.49020536013560334,-0.7425799292589752
214,Retail,Lisbon,2362,6551,11364,913,5957,791,0.21014693402337492,-0.26907187938476146,0.3018172791715159,-0.45702849965917325,0.8383233378532867,-0.5298286645421154
215,HoReCa,Lisbon,2806,10765,15538,1374,5828,2388,0.38168488511520293,-0.20554207437417737,0.5637770712241392,-0.36653934973052854,1.1064190909578595,-0.1619321010840459
216,Retail,Lisbon,2532,16599,36486,179,13308,674,0.8561084992483579,0.052228276133038806,0.6823226381255036,0.13431704338982836,1.1390239408813903,0.08457074232392041
217,HoReCa,Lisbon,18044,1475,2046,2532,130,1158,-0.2638580980506603,0.09666441858546808,-0.33987444202615824,0.2589104696457055,-0.7611033417644159,0.3229265974243893
218,Retail,Lisbon,18,7504,15205,1285,4797,6372,0.3394978092684613,-0.10882807819046146,0.45554840002656427,-0.11542313405861233,0.754478981983566,-0.02352753984581152
219,HoReCa,Lisbon,4155,367,1390,2306,86,130,-0.25347556855407033,-0.15148329375931255,-0.40882522201319477,-0.14165412140723385,-0.5687787150694905,-0.4771726389665566
220,HoReCa,Lisbon,14755,899,1382,1765,56,749,-0.27674250370140574,0.015958414470288496,-0.39606144530802495,0.1292524783109779,-0.7545718019342867,0.032732446395004555
221,HoReCa,Lisbon,5396,7503,10646,91,4167,239,0.13497633118691976,-0.243719043789096,0.1794586974204929,-0.41660854245867557,0.6946544564301752,-0.5369351169322308
222,HoReCa,Lisbon,5041,1115,2856,7496,256,375,-0.21916716088579608,-0.009502840222790129,-0.25952944149282636,0.08869134592252026,-0.4859959657148855,-0.09218928480720512
223,Retail,Lisbon,2790,2527,5265,5612,788,1360,-0.14883092347965324,-0.10717682624373653,-0.23836644143967803,-0.10266885470444793,-0.33173152398805916,-0.3224891905099113
224,HoReCa,Lisbon,7274,659,1499,784,70,659,-0.25209512065947703,-0.13242880420179637,-0.4134148462125057,-0.12003576570669278,-0.5923610281414081,-0.4125901257632007
225,HoReCa,Lisbon,12680,3243,4157,660,761,786,-0.18490138785660268,-0.07056030982307787,-0.31532341493376126,-0.049443834641386575,-0.5605334727136598,-0.17841157776212813
226,Retail,Lisbon,20782,5921,9212,1759,2568,1553,-0.017664161633951583,0.08915896704604445,0.026312579879098675,0.15858092995298473,0.1329273441343164,0.8571781391372225
227,HoReCa,Lisbon,4042,2204,1563,2286,263,689,-0.22409598690219734,-0.1600938498282228,-0.38887099456202306,-0.17749864315925845,-0.5354552008010544,-0.5179441841464485
228,HoReCa,Lisbon,1869,577,572,950,4762,203,-0.1082669439187321,-0.2350512714863664,-0.1875473219578189,-0.2809367591673483,-0.13055924098222335,-0.5950191424120795
229,HoReCa,Lisbon,8656,2746,2501,6845,694,980,-0.20936404605279263,0.025301654434155385,-0.27129754197651934,0.12621155630681685,-0.5514546450562791,0.07100006138114942
230,Retail,Lisbon,11072,5989,5615,8321,955,2137,-0.09528798953706172,0.11527784208406408,-0.05263029424140279,0.22245097841538905,-0.1768363718731832,0.4733125592431229
231,HoReCa,Lisbon,2344,10678,3828,1439,1566,490,0.0004315997442406659,-0.21642910247601227,-0.02773464112445366,-0.31577892624535536,0.204449834829592,-0.516337481523582
232,HoReCa,Lisbon,25962,1780,3838,638,284,834,-0.21724635198137124,0.20516503872184472,-0.16974264318817034,0.41991383390600867,-0.484692160898714,0.5482666357857146
233,HoReCa,Lisbon,964,4984,3316,937,409,7,-0.13720719254256142,-0.2446154449629529,-0.26566468333300786,-0.3221433667152875,-0.21456853452728383,-0.6918409452999178
234,HoReCa,Lisbon,15603,2703,3833,4260,325,2563,-0.20226601695483834,0.10410553981973952,-0.2475343384875981,0.23962082007587,-0.6453219304917315,0.4910920938924908
235,HoReCa,Lisbon,1838,6380,2824,1218,1216,295,-0.10479777992141331,-0.23508092567515176,-0.21978412290426347,-0.3286661864263632,-0.12927279600797553,-0.6864091903181623
236,HoReCa,Lisbon,8635,820,3047,2312,415,225,-0.24118348395274047,-0.09719148895924644,-0.4016818557092002,-0.07035311448754616,-0.6499483625951313,-0.330580369424707
237,HoReCa,Lisbon,18692,3838,593,4634,28,1215,-0.2535214961550783,0.16468705383714016,-0.27968324696533775,0.3564207338802709,-0.7201730603772529,0.5185874330461432
238,HoReCa,Lisbon,7363,475,585,1112,72,216,-0.26822071849723766,-0.12321350190511841,-0.4239632649068004,-0.0959961882911947,-0.6168923602685791,-0.392434356911741
239,HoReCa,Lisbon,47493,2567,3779,5243,828,2253,-0.0748999362400011,0.6917984917141017,0.2857571608953511,0.7247260329217603,-0.2276389908919561,1.0372293128418195
240,HoReCa,Lisbon,22096,3575,7041,11422,343,2564,-0.09655656209695233,0.413907323470175,0.11831277831945745,0.5631274838825193,-0.1976470928858395,0.8477095787685672
241,HoReCa,Lisbon,24929,1801,2475,2216,412,1047,-0.24072680404119548,0.2232847632888388,-0.20941675695844192,0.4534930908895609,-0.5898035570727481,0.6153098951874881
242,HoReCa,Lisbon,18226,659,2914,3752,586,578,-0.25980539497565247,0.11599147738058341,-0.3220838031290361,0.29073159427008455,-0.745974400381522,0.36771476960411603
243,HoReCa,Lisbon,11210,3576,5119,561,1682,2398,-0.11391795702827519,-0.08591592468385326,-0.20226047870216735,-0.10490391868740488,-0.28450848774106824,-0.1624451654030728
244,HoReCa,Lisbon,6202,7775,10817,1183,3143,1970,0.11604982453065794,-0.18687209227894486,0.1552159436674892,-0.34569171037598656,0.8385841247557094,-0.4176666909765465
245,Retail,Lisbon,3062,6154,13916,230,8933,2784,0.385721106508685,-0.21349561113975832,0.5547240543368975,-0.33431748328505323,0.9707709367600966,-0.18871476576240456
246,HoReCa,Lisbon,8885,2428,1777,1777,430,610,-0.23338442306079657,-0.10114801745682737,-0.3980661456347268,-0.08572401575893178,-0.6531311468261454,-0.34421112680290034
247,HoReCa,Lisbon,13569,346,489,2077,44,659,-0.2921293097538494,0.005872884301030929,-0.4156248975924334,0.11627520898098699,-0.7656861347274512,-0.025927220475877387
248,HoReCa,Lisbon,15671,5279,2406,559,562,572,-0.18796245932947758,-0.011793906755095151,-0.27801817165977494,0.05471675252047333,-0.507867860580004,0.05787365409306802
249,HoReCa,Lisbon,8040,3795,2070,6340,918,291,-0.199679207257427,-0.010505601861655956,-0.27595818162726554,0.06616679216806338,-0.5182810145462842,-0.03835826167848567
250,HoReCa,Lisbon,3191,1993,1799,1730,234,710,-0.21723979245403624,-0.1827404586729968,-0.38134606497239304,-0.21236965236679264,-0.48799730323448054,-0.567902275859826
251,Retail,Lisbon,6134,23133,33586,6746,18594,5121,0.8300063944683369,0.2682374771913142,0.5198331683050444,0.24797078281091603,1.1379947083592485,0.3465214480089535
252,HoReCa,Lisbon,6623,1860,4740,7683,205,1693,-0.18205534391023392,0.029107134434793333,-0.2050585432769163,0.12854263416523387,-0.41948263842380157,0.07855046373109721
253,HoReCa,Lisbon,29526,7961,16966,432,363,1391,0.09650551028986756,0.25146618717834074,0.2675738247659639,0.336167485120697,0.30367055628435313,0.7772690762746226
254,HoReCa,Lisbon,10379,17972,4748,4686,1547,3265,0.16648378516561269,0.06514447286924456,0.30414469640837793,0.0687720585017178,0.4767447516241111,0.35692272338623365
255,HoReCa,Lisbon,31614,489,1495,3242,111,615,-0.24876312829756692,0.3828872751120294,-0.07754402837795016,0.638987337130503,-0.5390075322532064,0.7302206284829811
256,HoReCa,Lisbon,11092,5008,5249,453,392,373,-0.14801309205872798,-0.1085195482506311,-0.26543364349644993,-0.12555097644843316,-0.38219595367490095,-0.29889597262883016
257,HoReCa,Lisbon,8475,1931,1883,5004,3593,987,-0.15160110888114556,-0.05272089605939205,-0.23480802141093127,-0.022826736953051246,-0.4021457427263101,-0.11800008056731999
258,HoReCa,Lisbon,56083,4563,2124,6422,730,3321,0.0159229421414312,0.7920464475253446,0.37758291119938503,0.6033152012679043,-0.16287045559414356,1.0778692468338573
259,HoReCa,Lisbon,53205,4959,7336,3012,967,818,0.008592113071722442,0.6899072611194254,0.3457109902922612,0.6348102604496022,-0.09352744079506962,1.0035735458937045
260,HoReCa,Lisbon,9193,4885,2157,327,780,548,-0.1750164552897398,-0.13373546784703114,-0.3132597308191736,-0.1572580815848322,-0.42882431566627527,-0.4023399908508337
261,HoReCa,Lisbon,7858,1110,1094,6818,49,287,-0.259331896509405,0.02145130355765269,-0.3164571115187114,0.13895899411569143,-0.6155703943926605,-0.024079885697913243
262,HoReCa,Lisbon,23257,1372,1677,982,429,655,-0.2527973780663933,0.16061169656690286,-0.2515977612993461,0.36231280968627066,-0.5983790011843194,0.42043529453578593
263,HoReCa,Lisbon,2153,1115,6684,4324,2894,411,-0.09119585063146983,-0.18090200901926196,-0.1769645143254487,-0.23478670625453096,-0.12708378818833888,-0.5301142301345837
264,Retail,Lisbon,1073,9679,15445,61,5980,1265,0.36362320064225406,-0.2683733115033211,0.5323016278035858,-0.4363336224073187,1.0165863828838952,-0.3616829066480359
265,HoReCa,Lisbon,5909,23527,13699,10155,830,3636,0.37676238844303805,0.18900622860792235,0.45857523613170875,0.19049822353758092,0.6307447859594294,0.40346784918998
266,Retail,Lisbon,572,9763,22182,2221,4882,2563,0.4536467014091355,-0.17903350853715674,0.6284571456252739,-0.273238338115128,1.0322554849906111,-0.09417391606309806
267,HoReCa,Lisbon,20893,1222,2576,3975,737,3628,-0.20133067730894433,0.22574576772580593,-0.1426028778126146,0.41260811072179177,-0.48173480393655216,0.6669117174377435
268,Retail,Lisbon,11908,8053,19847,1069,6374,698,0.3808731816574877,-0.10466589587401137,0.5784450537863964,-0.2255168647322633,1.0294519731643252,0.15140303999570617
269,HoReCa,Lisbon,15218,258,1138,2516,333,204,-0.28619130164488776,0.035495948034653675,-0.39190390584979845,0.16641640698709212,-0.7561135833037496,0.06445335715384236
270,HoReCa,Lisbon,4720,1032,975,5500,197,56,-0.25274212178871974,-0.06744491847335016,-0.3532410162812305,-0.0002476819989500795,-0.580896149544083,-0.26085672095642964
271,HoReCa,Lisbon,2083,5007,1563,1120,147,1550,-0.16106185054423938,-0.20118500042562698,-0.29186345514992024,-0.25930734529743665,-0.30298741848933247,-0.5831046167839666
272,HoReCa,Lisbon,514,8323,6869,529,93,1040,-0.020916954802580136,-0.2504867579959296,-0.07505103033487184,-0.36125606837767527,0.1445465424179794,-0.6306363917792027
273,HoReCa,Other,36817,3045,1493,4802,210,1824,-0.1818160596328843,0.5275787081911957,0.08797605088462793,0.7434248092950708,-0.38953911206474384,0.9510026125502618
274,HoReCa,Other,894,1703,1841,744,759,1153,-0.1845615521303372,-0.2292317429278831,-0.3314489770302176,-0.28289127420878313,-0.34732141148243945,-0.6526842234280253
275,HoReCa,Other,680,1610,223,862,96,379,-0.2235061343560142,-0.21894392055125694,-0.3649894710298015,-0.24151561398627852,-0.42762570441522313,-0.6158215295516256
276,HoReCa,Other,27901,3749,6964,4479,603,2503,-0.13106881685454,0.3444768180383282,0.002320041323092135,0.5687935392483455,-0.2781417781522896,1.0188084618607574
277,HoReCa,Other,9061,829,683,16919,621,139,-0.0861123610274763,0.3401887550077738,0.21012588820810704,0.4013316305936517,-0.2629660227891347,0.3519491992013879
278,HoReCa,Other,11693,2317,2543,5845,274,1409,-0.23349115211182075,0.059675252391221095,-0.3087662004369272,0.18282713006551407,-0.6946218480416083,0.20768777142722114
279,Retail,Other,17360,6200,9694,1293,3620,1721,0.0417507117330141,0.0030825465268448054,0.08769572443434571,-0.010576926365420094,0.5116506039509311,0.6241113802738131
280,HoReCa,Other,3366,2884,2431,977,167,1104,-0.19223329218760002,-0.19475586593833175,-0.35060869111996623,-0.24372613669287266,-0.41714753591023107,-0.5939857504811051
281,Retail,Other,12238,7108,6235,1093,2328,2079,-0.026758960517263283,-0.07469248958370771,-0.057394767114048534,-0.12375528535901446,0.14876709501423818,-0.0005987060623453948
282,HoReCa,Other,49063,3965,4252,5970,1041,1404,-0.050342278661519614,0.7108117529413716,0.3100757868144603,0.7090390097921301,-0.19098477493697158,1.050240855303544
283,HoReCa,Other,25767,3613,2013,10303,314,1384,-0.1783106695559991,0.4459480493320314,0.04305287994316245,0.6381260066603722,-0.3919033206707437,0.8441473015641752
284,HoReCa,Other,68951,4411,12609,8692,751,2406,0.17062847798287448,0.8158332850370149,0.4158164377482392,0.41934271639885196,-0.006435035133444627,1.118613933574011
285,HoReCa,Other,40254,640,3600,1042,436,18,-0.16235503681326863,0.4782728247750974,0.12254054305859226,0.653487168138746,-0.3421530962515586,0.7620946764219407
286,HoReCa,Other,7149,2247,1242,1619,1226,128,-0.2169972039739258,-0.1417639829043523,-0.37918682893889893,-0.15095520233778012,-0.5422523264981249,-0.46015219172066446
287,HoReCa,Other,15354,2102,2828,8366,386,1027,-0.22220479818972874,0.1944740802009016,-0.18366779502095695,0.38315128280789834,-0.5443392089972953,0.4857570250253533
288,HoReCa,Other,16260,594,1296,848,445,258,-0.2697173589824998,0.01813745649236315,-0.36772169085308903,0.13757464025499702,-0.6727206862239881,0.03384249186013082
289,HoReCa,Other,42786,286,471,1388,32,22,-0.17683380488192396,0.5333739087423082,0.1561967322498071,0.6652264783225921,-0.40186338234092894,0.7597791913283869
290,HoReCa,Other,2708,2160,2642,502,965,1522,-0.1677451911829056,-0.21373632661876105,-0.3143728111931622,-0.27668021412335103,-0.3272679213086976,-0.6267451102265871
291,HoReCa,Other,6022,3354,3261,2507,212,686,-0.19905243932422417,-0.13687575596888765,-0.3599843378584551,-0.15843029184675358,-0.5528072197386013,-0.4785700603728727
292,HoReCa,Other,2838,3086,4329,3838,825,1060,-0.15777421654656498,-0.15828546933385385,-0.2913579623488783,-0.19747291026306946,-0.3813325141405526,-0.5336908398558239
293,Retail,Porto,3996,11103,12469,902,5952,741,0.3131908957479097,-0.23038663942512136,0.4686830215519906,-0.4059621299294048,1.0172776927652472,-0.28866521440285886
294,HoReCa,Porto,21273,2013,6550,909,811,1854,-0.16324645923546177,0.11494615682325272,-0.1718314473787855,0.26101873699287165,-0.41054388859399826,0.5322166581846705
295,Retail,Porto,7588,1897,5234,417,2208,254,-0.13272251008506727,-0.18105950690071346,-0.2655332180845536,-0.24361557196201006,-0.28159408849951134,-0.5610662160377987
296,HoReCa,Porto,19087,1304,3643,3045,710,898,-0.23759435823493502,0.11436065684679267,-0.29770613434406085,0.283384079750359,-0.7170561951229479,0.43607659113991726
297,Retail,Porto,8090,3199,6986,1455,3712,531,-0.04337777516480196,-0.17226808714924202,-0.11971899037075749,-0.27190417315344795,0.040525948349615606,-0.5972135704297662
298,Retail,Porto,6758,4560,9965,934,4538,1037,0.07704175629416803,-0.20700925513711924,0.08449477145517538,-0.36352722222935513,0.6179558520240044,-0.5633892876545618
299,HoReCa,Porto,444,879,2060,264,290,259,-0.20158531498320956,-0.2404916059734815,-0.3405156514663064,-0.2763321077059583,-0.365436142211682,-0.6564912695521126
300,Retail,Porto,16448,6243,6360,824,2662,2005,-0.0393637533042747,-0.005113522089986452,-0.048937221216114074,0.005602303737202346,0.051463945608575486,0.42153571797928274
301,Retail,Porto,5283,13316,20399,1809,8752,172,0.5790341532858286,-0.14393768725749922,0.7742541865913973,-0.22886520228985432,1.1150820869527949,0.007464273120126602
302,Retail,Porto,2886,5302,9785,364,6236,555,0.16640764134897304,-0.27334495757592125,0.22920252886323722,-0.44612648405195376,0.6900687112541437,-0.5665517051464753
303,Retail,Porto,2599,3688,13829,492,10069,59,0.35160309487107905,-0.23784265677637342,0.5055816040427814,-0.3171411922515551,0.7961912787761704,-0.2962977673381085
304,Retail,Porto,161,7460,24773,617,11783,2410,0.6687072642792733,-0.13874811912766627,0.7710914221737657,-0.1269671077318224,1.0736756268580052,-0.06364079831886946
305,Retail,Porto,243,12939,8852,799,3909,211,0.21826387042750717,-0.2627722084358278,0.308398398772223,-0.3958960657338047,0.715842884949093,-0.4597803580071116
306,Retail,Porto,6468,12867,21570,1840,7558,1543,0.5645409041779111,-0.12090643751188908,0.771166900736684,-0.22583872195171534,1.1623273507654819,0.09421420451519537
307,HoReCa,Porto,17327,2374,2842,1149,351,925,-0.23326113550231567,0.04130924341109038,-0.3252010888394003,0.1610767736408491,-0.669021808440147,0.19385213849782615
308,HoReCa,Porto,6987,1020,3007,416,257,656,-0.22207588999240838,-0.15406072281652855,-0.38365197689746533,-0.16584414087348337,-0.5189455135166298,-0.4681537889877289
309,Retail,Porto,918,20655,13567,1465,6846,806,0.5352702947458285,-0.1399819160574529,0.6578228765045809,-0.15539718300181238,0.9931804792692723,-0.06913694644049559
310,HoReCa,Porto,7034,1492,2405,12569,299,1117,-0.15527344246263222,0.194501741484826,0.013134526972498341,0.34162278620623876,-0.31282217485942193,0.2608908564633644
311,HoReCa,Porto,29635,2335,8280,3046,371,117,-0.1546119630546553,0.3107305646049768,-0.02646662316637651,0.5344281621502386,-0.31920854511938324,0.793029700369469
312,Retail,Porto,2137,3737,19172,1274,17120,142,0.6186335502083531,-0.06927034384793977,0.6284253283921191,0.02166110381201138,0.8909160407858935,-0.061441896113585526
313,HoReCa,Porto,9784,925,2405,4447,183,297,-0.2603499249079507,-0.0207726477460298,-0.38714258286651776,0.06367529788611767,-0.7192331356070807,-0.10429377089029765
314,HoReCa,Porto,10617,1795,7647,1483,857,1233,-0.14530141935987276,-0.09283980528286527,-0.2629924498388875,-0.10391546870091702,-0.45691106544875787,-0.2589037719585421
315,Retail,Porto,1479,14982,11924,662,3891,3508,0.34784311744491425,-0.17293756257529877,0.4880789733433577,-0.2580640104320357,0.9043535177851376,-0.12062724542745394
316,HoReCa,Porto,7127,1375,2201,2679,83,1059,-0.2433468505487402,-0.09934065783465303,-0.40568012229347983,-0.07842738547810968,-0.6652328940847249,-0.3443341307738478
317,HoReCa,Porto,1182,3088,6114,978,821,1637,-0.10298523411300121,-0.237345390505445,-0.22253630869097032,-0.33670881684519727,-0.1287557817018033,-0.7017269707194137
318,HoReCa,Porto,11800,2713,3558,2121,706,51,-0.21333318630860182,-0.06014828083650672,-0.3551299042207884,-0.02114589999786261,-0.6562242638040712,-0.18436871672425362
319,Retail,Porto,9759,25071,17645,1128,12408,1625,0.7535925665023765,0.06315038772687954,0.68604531513783,0.09283643838493351,1.090559761020462,0.23459112355072173
320,HoReCa,Porto,1774,3696,2280,514,275,834,-0.17035208030556329,-0.22804474896772178,-0.31697381285837195,-0.2934003819114119,-0.3166896298650482,-0.6583294268157113
321,HoReCa,Porto,9155,1897,5167,2714,228,1113,-0.20152632115769,-0.07965234275778087,-0.348966691023881,-0.0642039570067745,-0.6645996830197567,-0.2684999839766261
322,HoReCa,Porto,15881,713,3315,3703,1470,229,-0.23318000239818007,0.053920240436374584,-0.32180550498710847,0.18181153108831638,-0.7022815062179565,0.21324857286927573
323,HoReCa,Porto,13360,944,11593,915,1679,573,-0.07328093748826991,-0.07195789340045076,-0.11449573525942283,-0.07588106418664459,-0.08822732469499661,-0.04220982699340004
324,HoReCa,Porto,25977,3587,2464,2369,140,1092,-0.22240246712110448,0.24904878991606727,-0.1679962574485718,0.4835178536196526,-0.5344033333590471,0.697817610265849
325,HoReCa,Porto,32717,16784,13626,60869,1272,5609,0.3645901980791309,0.414934678814165,0.38821363720034047,0.25615157631253666,0.15258131188846077,0.707887123796397
326,HoReCa,Porto,4414,1610,1431,3498,387,834,-0.2344965858954117,-0.12475898490557176,-0.38766982117228577,-0.11475102100598697,-0.5836677842019984,-0.4206782038907327
327,HoReCa,Porto,542,899,1664,414,88,522,-0.2110832579768741,-0.23122363325937756,-0.35250051970352164,-0.2626248329156099,-0.3932001199473714,-0.6382144645970452
328,HoReCa,Porto,16933,2209,3389,7849,210,1534,-0.2188262534638843,0.2159861030525352,-0.17826682983800365,0.4141475681662994,-0.5558661750866385,0.5895725940776333
329,HoReCa,Porto,5113,1486,4583,5127,492,739,-0.19770345548665988,-0.08680090593463205,-0.31507782184368277,-0.05942992699149723,-0.5118131843150716,-0.28813415230066247
330,HoReCa,Porto,9790,1786,5109,3570,182,1043,-0.20995105498045197,-0.04792364260347175,-0.3462565480743132,-0.006124969332524732,-0.7049492664130244,-0.14609796263354183
331,Retail,Porto,11223,14881,26839,1234,9606,1102,0.7093013264215741,-0.014399465102854373,0.8114916021945144,-0.04732877797920883,1.141708551317394,0.24248097545472402
332,HoReCa,Porto,22321,3216,1447,2208,178,2602,-0.2215067484910825,0.19822074710933302,-0.1969497364911471,0.39533057141033273,-0.5528001364520119,0.6188578310834181
333,Retail,Porto,8565,4980,67298,131,38102,1215,0.4345876597401558,0.41323014851233,0.3887308292712925,0.2565075719670832,1.0109521748306192,0.20874710170997612
334,Retail,Porto,16823,928,2743,11559,332,3486,-0.15326600559671474,0.35296432852813286,0.0584767488696328,0.4976207197037509,-0.32807449789960197,0.6292655661978213
335,Retail,Porto,27082,6817,10790,1365,4111,2139,0.08278961564839796,0.20653038932207296,0.2264666763669934,0.2964668954567915,0.380447544333047,0.9367443168209789
336,HoReCa,Porto,13970,1511,1330,650,146,778,-0.25954700272332054,-0.023152570495734236,-0.38511806858450626,0.06064276791315533,-0.675732193408356,-0.07042865977860009
337,HoReCa,Porto,9351,1347,2611,8170,442,868,-0.22310835608242682,0.08271573353678477,-0.23093582483456873,0.2230440030452058,-0.5256453398500692,0.16855655593988733
338,HoReCa,Porto,3,333,7021,15601,15,550,-0.04264885206240587,0.19429419554461205,0.19369506559968303,0.30198465740815483,-0.13315520956455162,0.1495985638735847
339,HoReCa,Porto,2617,1188,5332,9584,573,1942,-0.135244710989532,0.03422643070514836,-0.08125119583729179,0.1419825099414245,-0.24255610284942714,0.03697099597884311
340,Retail,Other,381,4025,9670,388,7271,1371,0.1999356450539056,-0.28581404366955615,0.28155202397468954,-0.4348092267883477,0.6835234980278401,-0.5356175479966188
341,Retail,Other,2320,5763,11238,767,5162,2158,0.18041591378339134,-0.2521467390316627,0.2519722701018447,-0.43153132302123254,0.8115240249334547,-0.5078456320568413
342,HoReCa,Other,255,5758,5923,349,4595,1328,0.06482961898328361,-0.2906541961382127,0.047796884426118964,-0.4542277552473981,0.4259572607924374,-0.7410227377666563
343,Retail,Other,1689,6964,26316,1456,15469,37,0.7204378928782571,-0.06025902454876087,0.7106863091188905,0.016683836766824493,1.0142972919430702,-0.02323400114034473
344,HoReCa,Other,3043,1172,1763,2234,217,379,-0.2312772307646265,-0.17379797132994507,-0.3914529294611672,-0.18733016747696304,-0.515974869021546,-0.5402129782351106
345,HoReCa,Other,1198,2602,8335,402,3843,303,0.011831305698776337,-0.2874563862536064,-0.03792452266030621,-0.4301218194563331,0.23555668626857657,-0.75385893619675
346,Retail,Other,2771,6939,15541,2693,6600,1115,0.315509398732287,-0.21734369693859107,0.4772997971870033,-0.3846133998469818,1.0079491095698636,-0.25208941459646883
347,Retail,Other,27380,7184,12311,2809,4621,1022,0.11292368716223815,0.22004214305385345,0.26964101011946784,0.2971316979045266,0.43991204420197233,0.9591966048387212
348,HoReCa,Other,3428,2380,2028,1341,1184,665,-0.1854003761790466,-0.20097788720997747,-0.34710547573885964,-0.25515377073114676,-0.4072770294551835,-0.628688027883423
349,Retail,Other,5981,14641,20521,2005,12218,445,0.6971090129336223,-0.08095061886260389,0.8156262449953645,-0.1038232073043429,1.125045918517941,0.0856860261722908
350,HoReCa,Other,3521,1099,1997,1796,173,995,-0.2267030488337503,-0.1706641600364481,-0.3894495307066876,-0.1896567425211096,-0.5170752112349336,-0.5307460752970891
351,Retail,Other,1210,10044,22294,1741,12638,3137,0.6967538631524289,-0.10049650018261394,0.7882255899770118,-0.0991429381887554,1.1156656328340766,0.02347413217575699
352,HoReCa,Other,608,1106,1533,830,90,195,-0.2153388944479223,-0.22655277684864347,-0.3584682901761759,-0.2546646052070813,-0.40828664414354393,-0.6339544220161563
353,Retail,Other,117,6264,21203,228,8682,1111,0.49859869740797824,-0.23574899172616348,0.6804823620864882,-0.3121845546185819,0.9994307732371105,-0.23760612367762937
354,HoReCa,Other,14039,7393,2548,6386,1333,2341,-0.11648449387037792,0.11964865198322193,-0.09579877000369416,0.22809127582024838,-0.27827981681197533,0.5849161609969534
355,HoReCa,Other,190,727,2012,245,184,127,-0.2047053045882116,-0.24163169892364075,-0.3391591988127161,-0.27216542416243245,-0.3680530150619627,-0.6546279942664643
356,HoReCa,Other,22686,134,218,3157,9,548,-0.298346942334045,0.2080325550642783,-0.2825655132400363,0.43581260229550867,-0.7190451711327747,0.4538181340566088
357,Retail,Other,37,1275,22272,137,6747,110,0.35458793204078154,-0.23998484505965698,0.4931947764853447,-0.26890923463838673,0.7352268027722345,-0.31707422478162156
358,HoReCa,Other,759,18664,1660,6114,536,4100,0.15654320903615032,0.023031590593101517,0.29463318067784416,0.06927533795348916,0.3566824859020043,0.10082361553947602
359,HoReCa,Other,796,5878,2109,340,232,776,-0.13296062532862948,-0.2425130538283209,-0.2516492296287294,-0.3183642453518531,-0.19135297809949126,-0.6632464879611908
360,HoReCa,Other,19746,2872,2006,2601,468,503,-0.24482218319743138,0.11719966731881956,-0.29892420326808244,0.2897378299510172,-0.6949081513247747,0.4048427167193007
361,HoReCa,Other,4734,607,864,1206,159,405,-0.250887681481019,-0.16197792613249534,-0.4109663113883561,-0.16140010176652916,-0.5543035346198822,-0.4949775471246227
362,HoReCa,Other,2121,1601,2453,560,179,712,-0.20132654112062093,-0.21752360343857496,-0.35623115109822023,-0.2618167761445461,-0.39975426053573415,-0.626455732045217
363,HoReCa,Other,4627,997,4438,191,1335,314,-0.16582584897531463,-0.21261767552628447,-0.3139427342468709,-0.2708110225835607,-0.32819005255193373,-0.6200164649343596
364,HoReCa,Other,2615,873,1524,1103,514,468,-0.22116861589845538,-0.20081446265607467,-0.3791471801830556,-0.228087194637025,-0.4594658284257087,-0.5910420733727749
365,Retail,Other,4692,6128,8025,1619,4515,3105,0.10384642388422034,-0.180566351799783,0.1387593502732426,-0.31486400497841727,0.6521952462450773,-0.3376221753347253
366,HoReCa,Other,9561,2217,1664,1173,222,447,-0.24138058311336041,-0.09945236072314172,-0.4018851901578191,-0.07648267368047015,-0.6356023470953595,-0.3243201528089331
367,HoReCa,Other,3477,894,534,1457,252,342,-0.2449562893188635,-0.1756570122694412,-0.4022843820433051,-0.18177651816688212,-0.526816005137954,-0.5306154986099321
368,HoReCa,Other,22335,1196,2406,2046,101,558,-0.26229270064300153,0.16442312297944464,-0.2760308998937725,0.37049880797676243,-0.6601864363766895,0.44686772987376633
369,HoReCa,Other,6211,337,683,1089,41,296,-0.2641235769423088,-0.13981941873624826,-0.42090446453275987,-0.12224306156304546,-0.5935250425258288,-0.435484683497355
370,Retail,Other,39679,3944,4955,1364,523,2235,-0.10419518720877326,0.49896445385628485,0.16505220495802886,0.6779861840154195,-0.20316323983239298,0.9260991686237974
371,HoReCa,Other,20105,1887,1939,8164,716,790,-0.2314890775833568,0.2745334149034351,-0.14953691570807767,0.49479231720170436,-0.5541130588192144,0.6389593069170737
372,HoReCa,Other,3884,3801,1641,876,397,4829,-0.10402458920967363,-0.09573213829606322,-0.09603323231453277,-0.07813667478542866,-0.12174898497729188,-0.1771738740765203
373,Retail,Other,15076,6257,7398,1504,1916,3113,-0.026517235940760275,0.01051470744755332,-0.016418438448241292,0.02237610579171493,0.11867552358515188,0.4760758663534382
374,HoReCa,Other,6338,2256,1668,1492,311,686,-0.2275553662991566,-0.14389315600264033,-0.3967268115418854,-0.15484255268950425,-0.5721769877713146,-0.469685940389641
375,HoReCa,Other,5841,1450,1162,597,476,70,-0.23294274746453453,-0.16784005930577742,-0.39189644690387065,-0.17693156129936743,-0.5111954695120762,-0.503471970268469
376,Retail,Other,3136,8630,13586,5641,4666,1426,0.2281237284473774,-0.13609702096712015,0.3495077102315736,-0.2520420315434838,0.8756532066049267,-0.07314671425666232
377,HoReCa,Other,38793,3154,2648,1034,96,1242,-0.15871156422774071,0.47213332570686406,0.10566190847121602,0.6733698564176093,-0.32131777530853173,0.8279596517900462
378,HoReCa,Other,3225,3294,1902,282,68,1114,-0.188833727085927,-0.20452818566012024,-0.3388598796612379,-0.254106337025081,-0.3791084614400017,-0.5934955578846274
379,Retail,Other,4048,5164,10391,130,813,179,-0.019151986268186785,-0.23759825603683402,-0.07879826909289224,-0.35491791988244437,0.14897729492938358,-0.6221153874050598
380,HoReCa,Other,28257,944,2146,3881,600,270,-0.24655932845959913,0.3200836008749904,-0.13699014414873473,0.5755076782882421,-0.5598441406748547,0.699468318722617
381,HoReCa,Other,17770,4591,1617,9927,246,532,-0.19286126956536206,0.2802117359525263,-0.06713238007907142,0.4700859345138737,-0.42418341814872573,0.5878263142571643
382,HoReCa,Other,34454,7435,8469,2540,1711,2893,-0.00035462101168145946,0.4172712797188431,0.21063447237005092,0.5755025593158941,0.0677186000818616,1.0543026925543404
383,HoReCa,Other,1821,1364,3450,4006,397,361,-0.20235212412766898,-0.16016425430075518,-0.33741810018437574,-0.16765817579159903,-0.4480271579448587,-0.5034970290018204
384,HoReCa,Other,10683,21858,15400,3635,282,5120,0.3887285656759155,0.12935120685985826,0.48871692409566175,0.1296545106429765,0.7151098117570308,0.40820850704028255
385,HoReCa,Other,11635,922,1614,2583,192,1068,-0.26684288700932807,-0.022300344100477907,-0.4097079452730502,0.0576969190417356,-0.7717294534576523,-0.08743854792198129
386,HoReCa,Other,1206,3620,2857,1945,353,967,-0.16754566443710286,-0.2124925251801036,-0.3149684378133803,-0.27570438485508436,-0.3371912720062105,-0.6513574174553882
387,HoReCa,Other,20918,1916,1573,1960,231,961,-0.259633485037168,0.1386411293910603,-0.2966804485710689,0.3281900653322788,-0.6863766449919851,0.41725186724391206
388,HoReCa,Other,9785,848,1172,1677,200,406,-0.26726548737507333,-0.07865764864936943,-0.4241081905369756,-0.030810111949686362,-0.6881551904798361,-0.2713719938265636
389,HoReCa,Other,9385,1530,1422,3019,227,684,-0.25955224450579406,-0.057697609816203095,-0.4141783570123773,-0.0032910108538856133,-0.7359648920774758,-0.21595663839870793
390,HoReCa,Other,3352,1181,1328,5502,311,1000,-0.23358002662256488,-0.08173153816033164,-0.3368588745555417,-0.03115569628706983,-0.5396332180177547,-0.2874327278114342
391,HoReCa,Other,2647,2761,2313,907,95,1827,-0.1837390898999315,-0.19254093431079747,-0.3255809984953704,-0.2383196337266046,-0.3745097703729925,-0.5610965457884848
392,HoReCa,Other,518,4180,3600,659,122,654,-0.14503146980021533,-0.24714367746884747,-0.28037430220935733,-0.3261562230177067,-0.23522376613866736,-0.7004494644655945
393,HoReCa,Other,23632,6730,3842,8620,385,819,-0.14304554903210961,0.3481289884423568,0.006362195861557593,0.5473971267024296,-0.3069923447825502,0.8598834246874962
394,HoReCa,Other,12377,865,3204,1398,149,452,-0.2494567061868571,-0.04722739645118636,-0.39223103036499557,0.01621423397529454,-0.686263378437394,-0.1488409682118526
395,HoReCa,Other,9602,1316,1263,2921,841,290,-0.25194559252912974,-0.06572591995646981,-0.40467421196887104,-0.015727406373496015,-0.7004706802166852,-0.23813950670497672
396,Retail,Other,4515,11991,9345,2644,3378,2213,0.18584138779479992,-0.15861812629212296,0.27857302109049187,-0.2924606118806628,0.8477254553506053,-0.16147521459395367
397,HoReCa,Other,11535,1666,1428,6838,64,743,-0.2583212358607977,0.08531887123880412,-0.30347583425335284,0.23343160979656113,-0.6657485126168416,0.18735434791944952
398,HoReCa,Other,11442,1032,582,5390,74,247,-0.2832593683100663,0.041954366058313056,-0.36976519974018757,0.17245255305489718,-0.7348507557246619,0.049661798249486154
399,HoReCa,Other,9612,577,935,1601,469,375,-0.26578633083293507,-0.08418250958407816,-0.4217411932761909,-0.03883115167181086,-0.6732966923213075,-0.2862245511698411
400,HoReCa,Other,4446,906,1238,3576,153,1014,-0.24847833741303116,-0.11365179405268924,-0.3961124399168775,-0.09020633126283742,-0.6058255316683693,-0.3839056429373952
401,HoReCa,Other,27167,2801,2128,13223,92,1902,-0.1311774160212982,0.5403795886460948,0.1745746893850276,0.6272201390406886,-0.32000430175832467,0.8385421348222315
402,HoReCa,Other,26539,4753,5091,220,10,340,-0.1669013681519401,0.19746462512064422,-0.0990698455142203,0.3900650791391792,-0.3367409664094061,0.5709911012063273
403,HoReCa,Other,25606,11006,4604,127,632,288,-0.05050123902244534,0.1727016362822897,0.060141816561387174,0.2946910059990129,-0.010234511526488623,0.5751302867974158
404,HoReCa,Other,18073,4613,3444,4324,914,715,-0.19315108832719952,0.11598649782314875,-0.23743370181957452,0.26568613681955033,-0.6548229529763283,0.5727894385723394
405,HoReCa,Other,6884,1046,1167,2069,593,378,-0.24827782225643547,-0.12317680161017566,-0.41375784992502773,-0.10906607830590304,-0.6209689456012388,-0.4091018369683171
406,HoReCa,Other,25066,5010,5026,9806,1092,960,-0.12405508491236442,0.4001916415875525,0.06187866382762069,0.5906116900872386,-0.2577653827469747,0.8996625578054168
407,Retail,Other,7362,12844,18683,2854,7883,553,0.5077540033498021,-0.1180112738948937,0.7199105183608602,-0.2356484996722522,1.1270125626033602,0.098986311559509
408,Retail,Other,8257,3880,6407,1646,2730,344,-0.07857903856147788,-0.16098493125439348,-0.18099420214199166,-0.2451763591976913,-0.15426790927305623,-0.622373437438675
409,HoReCa,Other,8708,3634,6100,2349,2123,5137,-0.019178899990515145,-0.019376730431737817,0.023853179572381058,-0.007948580461506947,0.10220396051105178,0.1385836686007988
410,HoReCa,Other,6633,2096,4563,1389,1860,1892,-0.13732085131090846,-0.15325677207665772,-0.2689968115468293,-0.20864455808521865,-0.35228529307795275,-0.513219106380676
411,HoReCa,Other,2126,3289,3281,1535,235,4365,-0.10490902634567209,-0.12757476692299435,-0.12527673868063827,-0.13036682945004563,-0.12302079499900885,-0.2683752243029379
412,HoReCa,Other,97,3605,12400,98,2970,62,0.07816278360284366,-0.30099808647438614,0.07833261518829741,-0.44322788482866304,0.3973492161821375,-0.6907510512278509
413,HoReCa,Other,4983,4859,6633,17866,912,2435,0.04719671254706643,0.3246657991308113,0.29063366990350875,0.3621936975453438,0.006968068385102995,0.39470420832738595
414,HoReCa,Other,5969,1990,3417,5679,1135,290,-0.19610677335953816,-0.06691528397389057,-0.29993353952547336,-0.023807643637592996,-0.5012355105234049,-0.2236936419555632
415,Retail,Other,7842,6046,8552,1691,3540,1874,0.04331233167573791,-0.157401292950099,0.033069132500233515,-0.28823935105088494,0.6795503417737886,-0.5639105878835692
416,Retail,Other,4389,10940,10908,848,6728,993,0.31094232388260845,-0.22436963960255968,0.46474247972451516,-0.3963302091577828,1.010994654594456,-0.26935423510777806
417,HoReCa,Other,5065,5499,11055,364,3485,1063,0.087651068020579,-0.23630042931632622,0.09561203949953012,-0.40651974520335715,0.6126212294604697,-0.6264396437730324
418,Retail,Other,660,8494,18622,133,6740,776,0.4230334524293379,-0.2628086537798909,0.6089350123452213,-0.3979627597846604,1.0087233984149335,-0.3142118745526115
419,HoReCa,Other,8861,3783,2223,633,1580,1521,-0.16187984203147035,-0.12947736951423544,-0.29862500809452974,-0.16073595822315986,-0.4328552388072768,-0.406632369765543
420,HoReCa,Other,4456,5266,13227,25,6818,1393,0.2579690630821254,-0.24380774121759458,0.3841667956115902,-0.41276374558648543,0.8873421107648833,-0.35909591516777645
421,Retail,Other,17063,4847,9053,1031,3415,1784,0.0016174629729840467,-0.004076629829448391,0.018961285286999603,-0.005316173816363244,0.276253527881105,0.5065622216036403
422,HoReCa,Other,26400,1377,4172,830,948,1218,-0.20010797464874294,0.21662558308213162,-0.14432805249158284,0.43216526907687136,-0.4446824981858612,0.609719035821285
423,Retail,Other,17565,3686,4657,1059,1803,668,-0.15448601944923657,0.01623824218373612,-0.22555447447787688,0.09352752154802474,-0.4760132687037941,0.24945458491055628
424,Retail,Other,16980,2884,12232,874,3213,249,0.006299819377040629,-0.027232789551561335,0.0320030617693474,-0.02872090397968585,0.21069272619755558,0.23408484318175082
425,HoReCa,Other,11243,2408,2593,15348,108,1886,-0.09635990283512501,0.34583818200283695,0.16668175154602494,0.44034127840430987,-0.23602367238563246,0.4647932907298592
426,HoReCa,Other,13134,9347,14316,3141,5079,1894,0.25101355719160906,-0.037229269675180476,0.41012642081951134,-0.14594694536942124,1.1326647452831993,0.45234129234401416
427,HoReCa,Other,31012,16687,5429,15082,439,1163,0.1220240685835658,0.5770307506101837,0.3666327964631897,0.44808856157101024,0.11121969611923423,0.8918099341426838
428,HoReCa,Other,3047,5970,4910,2198,850,317,-0.10378109275582317,-0.20570768185419117,-0.22118615048718104,-0.29550286152348965,-0.16333406622073918,-0.6639662017023679
429,HoReCa,Other,8607,1750,3580,47,84,2501,-0.18834991134197454,-0.10792111938607488,-0.3018134375035473,-0.10453488914605846,-0.4240949937786321,-0.27367236632656483
430,HoReCa,Other,3097,4230,16483,575,241,2080,0.08527665494596169,-0.19777713136131245,0.12146063511718123,-0.2808561280873209,0.4063120651166309,-0.3293434207861326
431,HoReCa,Other,8533,5506,5160,13486,1377,1498,-0.04340566466643076,0.22949936100175208,0.13621791448230286,0.34849163003368394,-0.06632014191494714,0.40828089733118267
432,HoReCa,Other,21117,1162,4754,269,1328,395,-0.19545798396817107,0.08073893519409366,-0.2240988221409449,0.2251026316239644,-0.46220087552767514,0.3097716914226626
433,HoReCa,Other,1982,3218,1493,1541,356,1449,-0.1871200243287452,-0.19648554508860144,-0.33486316169287844,-0.2439740158750397,-0.38938286254154214,-0.5905524722844293
434,HoReCa,Other,16731,3922,7994,688,2371,838,-0.07532086050335436,-0.020250845636681135,-0.11372207835996823,0.0020127808660369887,-0.1422984501163958,0.23064265409454046
435,HoReCa,Other,29703,12051,16027,13135,182,2204,0.16096475542242977,0.5338406283087379,0.3761623314298115,0.4667789087717405,0.25119964707430503,0.9703442636368789
436,HoReCa,Other,39228,1431,764,4510,93,2346,-0.18093219629665233,0.5704327940055632,0.1302310213703465,0.7451105238303112,-0.40017040878599086,0.9319810019193498
437,Retail,Other,14531,15488,30243,437,14841,1867,0.8306305443109365,0.10440986153886858,0.7207467524010444,0.12240010136051559,1.1354324092019195,0.3062525759811333
438,HoReCa,Other,10290,1981,2232,1038,168,2125,-0.22127780312942905,-0.06688277753073305,-0.35200360771234845,-0.033908827624284106,-0.5946608317701932,-0.17990821571492774
439,HoReCa,Other,2787,1698,2510,65,477,52,-0.1947531896591522,-0.22490006492358558,-0.34342717028912306,-0.26828701544495415,-0.3702887263211463,-0.6312233940849092
